ID,Age,Education,Marital Status,Parental Status,Children,Income,Spent,Customer Loyalty,Recency,Wines,Fruits,Meat,Fish,Sweets,Gold,Web,Catalog,Store,Discount Purchases,Total Promo,Web Engagement
5524,58,0,0,0,0,58138,1617,663,58,635,88,546,172,88,88,8,10,4,3,0,15
2174,61,0,0,1,2,46344,27,113,38,11,1,6,2,1,6,1,1,2,2,0,6
4141,50,0,1,0,0,71613,776,312,26,426,49,127,111,21,42,8,2,10,1,0,12
6182,31,0,1,1,1,26646,53,139,26,11,4,20,10,3,5,2,0,4,2,0,8
5324,34,1,1,1,1,58293,422,161,94,173,43,118,46,27,15,5,3,6,5,0,10
7446,48,1,1,1,1,62513,716,293,16,520,42,98,0,42,14,6,4,10,2,0,12
965,44,0,0,1,1,55635,590,593,34,235,65,164,50,49,27,7,3,7,4,0,13
6177,30,1,1,1,1,33454,169,417,32,76,10,56,3,1,23,4,0,4,2,0,12
4855,41,1,1,1,1,30351,46,388,19,14,0,24,3,3,2,3,0,2,1,0,12
5899,65,1,1,1,2,5648,49,108,68,28,0,6,1,1,13,1,0,0,1,1,21
387,39,2,1,0,0,7500,61,593,59,6,16,11,11,1,16,2,0,3,1,0,10
2125,56,0,0,0,0,63033,1102,226,82,194,61,480,225,112,30,3,4,8,1,0,5
8180,63,1,0,1,2,59354,310,226,53,233,2,53,3,5,14,6,1,5,3,0,12
2569,28,0,1,0,0,17323,46,627,38,3,14,17,6,1,5,1,0,3,1,0,9
2114,69,1,0,0,0,82800,1315,582,23,1006,22,115,59,68,45,7,6,12,1,2,10
9736,35,0,1,1,2,41850,96,552,51,53,5,19,2,13,4,3,0,3,3,0,11
4939,69,0,1,0,0,37760,317,667,20,84,5,38,150,12,28,4,1,6,2,0,11
6565,66,1,1,1,1,76995,1782,458,91,1012,80,498,0,16,176,11,4,9,2,1,16
2278,30,2,0,1,1,33812,133,603,86,4,17,19,30,24,39,2,1,3,2,0,8
9360,33,0,1,0,0,37040,316,690,41,86,2,73,69,38,48,4,2,5,1,0,12
5376,36,0,1,1,1,2447,1730,539,42,1,1,1725,1,1,1,0,28,0,15,0,1
1993,66,1,1,1,1,58607,972,553,63,867,0,86,0,0,19,2,3,9,3,1,10
4047,61,1,1,1,1,65324,544,169,0,384,0,102,21,32,5,6,2,9,3,0,10
1409,64,0,1,1,1,40689,444,468,69,270,3,27,39,6,99,7,1,5,7,0,15
7892,46,0,0,0,0,18589,75,543,89,6,4,25,15,12,13,2,1,3,2,0,9
2404,39,0,1,1,2,53359,257,398,4,173,4,30,3,6,41,5,1,4,4,0,12
9422,26,0,1,1,1,38360,131,394,26,36,2,42,20,21,10,2,1,4,2,0,5
1966,50,1,1,0,0,84618,1672,219,96,684,100,801,21,66,0,6,9,10,1,1,8
6864,26,1,0,0,0,10979,30,38,34,8,4,10,2,2,4,3,0,3,2,0,8
3033,52,1,1,0,0,38620,318,414,56,112,17,44,34,22,89,2,5,3,1,0,5
5710,45,0,1,1,1,40548,120,627,31,110,0,5,2,0,3,2,1,4,2,1,7
7373,63,1,0,1,2,46610,302,608,8,96,12,96,33,22,43,4,1,6,6,0,10
8755,69,1,1,0,0,68657,1196,494,4,482,34,471,119,68,22,3,5,9,1,0,10
10738,64,1,0,1,2,49389,65,304,55,40,0,19,2,1,3,2,0,3,1,0,9
4339,45,1,1,1,1,67353,913,180,37,702,17,151,0,8,35,5,6,12,5,0,7
10755,39,2,1,1,1,23718,81,300,76,6,3,14,15,7,36,3,1,2,3,0,10
8595,42,0,0,1,1,42429,67,138,99,55,0,6,2,0,4,1,1,3,2,0,6
2968,72,1,0,0,0,48948,902,513,53,437,8,206,160,49,42,7,10,5,2,1,13
8601,35,0,1,1,1,80011,1395,426,3,421,76,536,82,178,102,8,6,5,2,0,12
503,30,1,1,1,1,20559,53,474,88,13,1,29,3,0,7,2,0,3,2,0,10
8430,58,0,1,1,1,21994,22,552,4,9,0,6,3,1,3,0,0,3,1,0,5
2139,40,1,1,1,1,7500,31,270,19,3,1,10,3,2,12,2,0,3,3,0,7
1371,39,0,0,0,0,79941,984,1,72,123,164,266,227,30,174,2,4,9,1,0,3
9909,19,2,1,0,0,7500,122,597,24,3,18,14,15,22,50,3,1,3,3,0,12
7286,47,0,1,1,1,41728,55,401,92,13,6,15,3,5,13,2,0,2,1,0,12
6566,61,1,1,1,2,72550,1319,598,39,826,50,317,50,38,38,5,2,12,9,0,13
8614,58,0,0,1,1,65486,507,48,29,245,19,125,37,67,14,4,2,10,1,0,6
4114,51,1,1,0,0,79143,1693,687,2,650,37,780,27,167,32,6,9,13,1,0,9
1331,38,0,0,1,1,35790,72,543,54,12,6,20,30,1,3,2,0,3,2,0,9
2225,38,0,0,0,0,82582,1617,22,54,510,120,550,156,40,241,4,9,7,1,2,5
9381,37,0,1,1,2,66373,606,382,57,328,9,124,12,24,109,4,2,10,7,0,7
6260,60,1,1,0,0,82384,1957,587,55,984,51,432,180,120,190,3,10,13,1,1,4
10383,49,0,0,0,0,70287,1093,453,30,295,35,482,121,120,40,5,5,10,1,0,8
7437,27,0,0,1,1,27938,29,62,31,13,0,8,2,1,5,1,0,4,1,0,4
8375,47,1,1,1,1,55954,518,118,63,447,0,28,0,0,43,8,2,6,3,0,15
6853,33,1,0,0,0,75777,1438,360,12,712,26,538,69,13,80,3,6,11,1,2,4
3076,40,0,1,1,2,66653,612,660,18,452,18,102,16,18,6,4,2,12,4,0,7
1012,63,0,0,1,1,61823,884,496,26,523,7,134,37,14,169,8,2,10,4,0,15
6518,64,1,0,1,1,67680,606,383,8,546,0,48,0,6,6,7,3,8,1,0,12
4137,67,0,1,0,0,70666,1076,205,29,398,40,367,119,122,30,7,4,4,1,0,11
8082,44,0,1,1,1,25721,34,404,75,1,3,6,3,6,15,1,1,2,1,0,8
1386,48,0,1,1,2,32474,11,49,0,10,0,1,0,0,0,1,0,2,1,0,8
9369,36,2,0,1,1,88194,1274,102,19,688,14,309,201,24,38,11,10,10,1,2,16
4477,57,0,1,1,1,69096,653,275,4,247,49,159,7,82,109,5,2,10,1,0,9
1357,45,0,1,1,3,74854,1562,447,90,856,59,487,58,29,73,2,5,5,7,0,7
1402,61,1,1,0,0,66991,1253,656,1,496,36,460,189,60,12,4,8,6,3,0,7
6312,56,0,1,1,1,65031,863,469,29,258,107,291,84,37,86,10,3,13,4,0,17
8132,40,1,1,1,2,60631,661,450,88,565,6,65,0,6,19,9,2,8,5,1,16
1050,63,0,1,0,0,28332,65,60,58,14,10,13,4,15,9,2,1,4,1,0,4
5846,38,0,0,1,1,40246,13,557,68,2,1,6,2,1,1,1,0,2,1,0,7
1859,43,1,1,0,0,75251,1890,671,34,721,111,925,97,18,18,7,6,5,1,0,12
7503,39,0,0,0,0,75825,2209,625,40,1032,105,779,137,105,51,5,8,9,0,1,9
10401,39,2,1,0,0,26326,18,298,12,1,0,5,0,3,9,0,0,3,1,0,3
1618,50,0,1,0,0,56046,692,543,9,577,0,64,0,0,51,10,1,8,2,1,18
3332,30,0,0,1,1,29760,165,669,87,64,4,68,7,5,17,3,1,4,4,0,11
2261,46,0,1,1,1,26304,16,371,5,4,1,5,2,0,4,1,0,2,1,0,8
5346,42,2,1,1,1,23559,79,361,87,25,5,19,7,0,23,3,0,3,3,0,10
4119,52,1,1,0,0,38620,318,414,56,112,17,44,34,22,89,2,5,3,1,0,5
535,28,0,0,0,0,81361,778,124,18,163,23,424,27,65,76,3,10,13,1,0,4
5268,55,0,1,1,2,29440,56,322,95,17,8,14,10,4,3,1,0,4,2,0,8
273,45,1,1,1,2,36138,151,348,48,130,0,16,0,0,5,3,1,4,5,1,10
4452,58,0,0,1,1,50388,372,32,3,292,6,37,0,3,34,6,1,6,4,2,13
8504,42,0,1,0,0,79593,1366,48,70,350,60,568,110,133,145,5,6,7,1,1,7
771,48,0,1,1,1,54178,194,159,79,135,9,39,4,0,7,2,2,5,1,0,4
11178,43,1,0,1,1,42394,32,98,69,15,2,10,0,1,4,1,0,3,1,0,8
2230,45,1,1,1,1,23626,43,36,84,27,2,14,0,0,0,3,1,3,3,0,8
7516,32,0,1,1,1,30096,45,38,30,5,3,11,12,5,9,2,0,3,1,0,8
7247,55,0,0,1,1,47916,606,584,72,505,0,26,0,0,75,7,4,6,5,1,13
11100,43,0,0,1,2,51813,63,444,37,51,2,7,0,1,2,2,0,3,2,0,9
4646,64,2,1,0,0,78497,978,210,44,207,26,447,75,0,223,5,7,12,1,1,7
3037,32,1,1,0,0,50150,410,374,32,135,46,92,65,61,11,5,2,7,2,0,10
1473,55,2,0,1,1,47823,72,341,0,53,1,5,2,1,10,2,0,3,2,0,10
1016,56,1,0,1,1,34554,55,91,43,41,1,6,2,0,5,2,0,3,2,0,8
4518,36,0,1,1,1,85693,1169,435,59,386,172,183,185,132,111,9,5,11,2,0,14
9370,70,1,1,0,0,65846,1120,408,68,562,81,276,80,40,81,6,3,6,1,0,10
8908,56,0,1,0,0,87195,1097,52,35,217,76,690,50,26,38,3,11,5,1,0,4
8373,36,2,1,1,1,24594,29,201,94,1,3,6,10,0,9,1,0,3,1,0,6
7533,51,0,1,1,2,49096,187,278,15,144,1,32,2,1,7,4,1,4,4,0,11
2683,46,0,1,1,2,52413,910,512,56,295,106,271,75,98,65,6,4,12,4,0,12
3629,37,0,0,1,1,38557,145,557,17,76,3,31,4,4,27,3,1,3,2,0,10
10991,55,1,1,0,0,89058,850,569,18,454,194,106,31,22,43,5,4,4,1,0,7
5077,36,0,1,1,1,77298,969,239,46,425,115,292,23,35,79,6,6,11,1,0,9
7431,24,1,0,0,0,68126,1820,596,40,1332,17,311,23,51,86,7,4,5,1,1,16
3267,52,1,1,1,1,57288,608,4,27,527,0,21,0,0,60,8,1,8,3,1,14
999,24,0,0,0,0,86037,730,543,95,490,44,125,29,20,22,6,7,11,1,2,9
9215,35,1,1,1,1,43974,551,564,19,378,0,101,0,0,72,6,4,6,5,0,13
2286,53,0,0,1,2,50785,114,292,27,64,1,21,0,1,27,2,1,3,2,0,8
1592,45,0,1,0,0,90765,1724,156,25,547,99,812,151,82,33,4,6,5,0,2,5
367,37,2,1,1,1,36550,577,495,74,47,90,94,123,103,120,9,1,5,5,0,18
5234,48,2,1,1,2,30753,81,353,85,12,5,25,0,9,30,1,1,3,2,0,6
9862,46,0,1,1,1,21918,33,227,37,1,6,7,11,5,3,2,0,3,2,0,8
9805,62,1,1,1,1,56129,660,374,65,320,48,133,39,72,48,6,2,10,4,0,10
6205,48,1,0,1,1,32557,80,125,13,34,3,29,0,4,10,2,1,3,3,0,7
8442,30,1,1,1,2,19510,30,298,63,9,0,7,3,4,7,1,0,3,2,0,8
7386,39,0,0,1,1,30992,43,433,83,17,0,14,7,3,2,1,0,3,1,0,8
7215,32,0,0,0,0,101970,1135,474,69,722,27,102,44,72,168,6,8,13,0,3,8
1491,50,2,1,0,0,71488,559,496,87,162,33,124,40,28,172,3,4,7,2,0,4
11071,31,0,0,0,0,79607,1923,434,37,450,133,951,173,0,216,3,6,6,1,0,4
3381,62,1,1,1,2,54348,90,21,51,70,0,16,0,0,4,2,0,4,2,0,8
11051,59,1,1,1,2,77376,661,50,72,492,19,110,16,12,12,6,3,10,4,0,10
8026,63,0,1,1,1,62998,463,272,10,120,58,73,65,89,58,5,4,5,5,0,10
433,57,1,0,1,2,61331,632,476,42,534,5,47,0,5,41,11,1,6,5,0,19
9597,46,0,1,0,0,73448,725,139,10,236,106,189,23,41,130,7,2,9,1,0,11
5290,51,1,1,1,2,41551,279,319,51,220,0,33,3,0,23,5,1,5,5,0,13
1685,48,1,1,0,0,62981,1482,469,21,796,14,590,38,44,0,4,5,13,1,1,7
5342,39,2,0,1,1,9548,29,690,31,0,1,3,10,6,9,1,0,3,2,0,9
9579,56,1,1,1,3,33762,106,357,61,53,1,34,2,0,16,2,2,2,3,0,10
7660,42,1,0,1,2,35860,49,41,37,15,0,8,4,2,20,1,1,2,2,1,6
1461,50,1,0,1,2,36921,38,336,74,17,1,12,3,1,4,2,0,3,2,0,9
821,23,1,0,0,0,92859,2077,618,46,962,61,921,52,61,20,5,4,12,1,0,7
11084,39,1,1,1,1,65104,1053,227,4,738,0,232,13,20,50,3,5,7,2,0,10
8690,53,0,1,0,0,86111,1385,436,73,399,28,756,36,40,126,5,7,10,1,0,7
2937,41,1,0,1,1,68352,871,305,47,614,16,132,43,33,33,8,5,9,3,0,14
9701,27,0,1,1,1,41883,312,467,13,32,34,41,73,16,116,4,2,3,3,0,11
9949,39,0,1,1,2,59809,877,619,36,598,16,141,32,41,49,3,3,6,3,0,11
10837,40,0,1,1,1,23957,68,609,47,2,1,18,20,11,16,2,0,3,1,0,8
3120,34,0,1,1,1,38547,22,305,49,6,1,10,0,1,4,1,0,2,1,0,9
5885,42,2,1,1,3,35688,211,676,94,73,3,90,12,1,32,4,1,4,7,0,12
4050,49,1,1,0,0,49605,127,8,65,42,16,29,12,20,8,2,1,4,1,0,5
3830,62,1,1,1,2,59354,459,66,59,295,21,78,39,13,13,4,4,7,1,0,7
7987,46,0,1,1,1,65747,460,114,96,346,17,48,23,13,13,8,1,6,4,1,14
7798,43,2,1,1,1,46344,429,562,28,233,20,57,8,20,91,7,1,5,4,0,14
92,27,0,0,1,1,34176,89,48,12,5,7,24,19,14,20,3,0,4,4,0,9
7055,63,1,1,1,1,61010,1021,628,57,888,0,57,0,0,76,8,5,11,2,0,13
10240,66,0,1,0,0,69372,1381,495,10,997,26,269,34,13,42,10,4,6,1,2,14
3025,57,0,0,1,1,49967,306,356,4,212,6,69,4,12,3,6,1,5,3,0,13
9283,37,0,0,1,3,60199,18,290,49,8,1,7,2,0,0,0,0,3,1,0,4
9970,38,0,1,1,1,55375,162,255,3,42,11,57,10,28,14,1,1,6,1,0,3
2730,60,0,0,0,0,80317,1231,313,64,536,11,387,149,91,57,3,4,10,1,0,4
2795,57,1,0,1,3,30523,13,363,0,5,0,3,0,0,5,1,0,2,1,0,8
9260,70,1,1,0,0,70356,1706,601,20,1349,16,249,43,16,33,10,6,9,2,0,16
8182,31,0,1,1,1,23228,121,175,91,53,3,49,7,4,5,3,0,4,4,0,11
10095,40,1,0,0,0,74165,1293,424,9,1001,12,240,16,12,12,5,4,10,1,0,7
8475,42,1,1,1,1,157243,1608,120,98,20,2,1582,1,2,1,0,22,0,15,0,0
4370,49,0,1,1,3,43482,88,228,83,18,1,32,6,3,28,2,0,4,3,0,8
10573,62,0,0,0,0,62551,421,223,27,125,16,98,134,21,27,6,7,4,1,1,9
3712,56,0,0,0,0,52332,259,305,63,212,5,33,7,0,2,3,2,6,1,1,7
6637,27,0,0,0,0,66951,1117,239,46,277,162,305,173,76,124,3,4,7,1,0,4
3152,58,0,1,1,2,26091,89,124,84,15,10,19,8,17,20,2,1,3,3,0,7
5610,50,0,1,1,2,33456,36,69,58,7,3,10,8,1,7,1,0,3,2,0,8
6460,33,0,1,1,1,28718,57,351,78,12,4,6,11,8,16,2,0,3,2,0,10
1349,45,0,1,1,2,50447,148,69,4,85,7,24,2,3,27,3,1,3,1,0,9
1880,56,1,1,1,2,53537,93,150,17,81,0,6,0,0,6,2,1,3,2,0,7
641,48,0,0,1,1,52074,119,86,77,59,0,12,0,0,48,2,2,2,1,1,6
8717,40,1,1,1,1,80427,1835,655,56,1149,71,449,69,71,26,11,8,8,1,0,16
10314,67,1,1,0,0,83837,1318,560,79,847,66,119,86,89,111,9,10,5,1,2,13
10854,45,1,1,1,2,38853,45,37,90,29,0,14,0,0,2,2,0,3,2,0,9
10492,56,0,1,1,3,38285,10,5,96,2,0,5,2,0,1,0,0,3,1,0,2
6935,64,2,1,0,0,78497,978,210,44,207,26,447,75,0,223,5,7,12,1,1,7
7698,39,1,1,1,1,51650,191,49,81,152,3,22,2,5,7,4,1,4,1,0,9
3559,27,2,1,1,1,16248,57,50,77,12,11,10,3,12,9,2,1,3,3,0,8
10562,69,1,1,0,0,66835,1033,274,21,620,26,195,34,17,141,6,4,13,1,0,8
10796,31,1,1,1,1,30477,66,158,16,47,1,6,0,0,12,1,1,3,1,0,7
2563,54,2,1,0,0,28249,43,14,80,1,9,7,2,14,10,2,0,3,1,0,8
3518,32,0,1,1,1,25271,50,571,45,10,1,18,10,4,7,1,1,2,1,0,10
5823,45,1,0,1,1,32303,39,113,63,35,0,2,0,0,2,1,0,4,2,0,6
3934,49,0,1,1,1,61286,608,331,34,356,0,107,19,9,117,7,1,8,2,0,12
6982,39,0,1,0,0,74068,1581,467,14,783,30,537,140,76,15,4,10,9,1,0,6
6431,51,1,1,1,2,45759,68,491,13,42,1,18,3,0,4,2,0,3,2,0,9
9733,37,2,1,1,1,24882,80,658,52,1,4,10,29,0,36,1,1,2,1,1,7
5602,26,1,1,0,0,66973,1282,408,98,466,22,432,147,113,102,8,7,12,1,0,11
1324,27,0,1,1,1,38872,91,395,93,23,3,21,3,19,22,3,0,3,2,0,11
326,42,0,1,1,2,51148,315,496,38,235,6,45,8,9,12,5,1,6,4,0,11
7224,38,0,1,1,2,31353,31,182,24,10,0,10,3,1,7,1,1,2,2,0,9
6999,35,1,1,0,0,69661,834,47,80,656,16,106,32,16,8,7,3,12,1,0,10
9938,61,0,1,0,0,80067,1600,283,82,519,17,813,27,173,51,4,6,6,1,1,6
6422,61,0,1,0,0,86718,1270,528,20,344,189,482,50,33,172,5,6,5,1,0,7
3182,42,1,0,1,2,46854,263,90,81,96,1,79,7,1,79,5,1,3,6,1,13
7300,63,0,0,1,1,69142,535,0,50,448,4,34,6,4,39,8,1,7,3,1,13
10424,47,0,0,0,0,75922,1295,202,60,265,138,553,224,23,92,4,4,9,1,0,5
8727,37,0,0,1,1,63693,1150,258,63,587,43,337,42,87,54,11,6,9,3,0,17
2798,38,1,1,0,0,102160,1240,604,54,763,29,138,76,176,58,7,9,10,0,3,11
1030,50,1,0,1,2,40637,38,347,72,22,0,13,0,0,3,1,0,3,2,0,8
624,31,1,0,0,0,18890,35,596,5,6,4,1,7,2,15,0,1,2,1,1,6
5176,27,0,1,1,1,29604,53,203,88,7,6,13,7,6,14,1,0,3,1,1,10
5552,52,1,0,1,2,48721,293,412,50,81,18,113,47,13,21,4,2,5,6,0,10
868,49,0,1,1,1,44794,65,21,99,54,0,7,0,0,4,2,0,3,1,0,8
380,61,0,0,1,1,64497,1804,657,17,1170,48,320,42,32,192,11,4,9,5,1,19
2677,59,0,1,1,1,46097,241,455,11,72,24,68,65,4,8,3,1,6,5,0,7
6521,61,0,1,0,0,77972,1101,103,18,613,22,319,33,102,12,4,6,9,1,0,5
6927,47,1,1,1,2,44377,264,632,70,224,0,30,0,0,10,5,1,5,8,0,13
2877,41,1,1,1,2,46014,541,524,21,410,0,59,19,9,44,7,1,8,10,0,14
0,30,0,1,0,0,70951,1198,421,66,239,10,554,254,87,54,3,4,9,1,0,4
1584,38,0,1,1,1,41443,482,89,79,171,7,171,25,19,89,8,1,5,6,0,16
7264,37,2,0,1,3,52195,17,48,2,12,0,4,0,0,1,1,0,2,1,0,9
6274,67,1,1,0,0,83790,1615,226,81,1076,16,417,42,48,16,8,10,6,1,2,11
1377,61,1,0,1,1,44551,285,302,24,182,4,33,0,0,66,4,1,5,2,0,11
454,35,0,1,1,1,69508,1135,592,48,824,32,162,42,32,43,11,4,11,2,0,17
1755,27,2,1,1,1,45204,114,79,93,30,11,25,29,1,18,1,1,4,1,0,4
2075,46,0,1,0,0,72460,1047,227,56,377,10,540,80,30,10,3,5,7,1,0,4
4785,45,1,1,1,2,77622,714,76,3,520,7,154,19,0,14,6,3,11,2,0,9
9076,35,1,1,1,1,30732,185,540,44,155,1,25,0,1,3,4,1,4,4,0,12
7079,53,0,0,1,1,63887,1245,659,38,897,23,207,15,11,92,9,6,12,5,0,15
4653,37,0,1,1,1,42011,189,460,46,131,0,16,2,1,39,3,1,4,4,0,11
7375,39,0,1,1,1,51369,576,612,84,297,7,79,0,11,182,8,2,4,2,0,16
709,63,0,0,1,1,51537,1103,567,27,787,20,204,0,0,92,2,2,11,3,0,10
460,43,1,1,0,0,79930,1753,690,72,792,86,740,67,51,17,3,5,8,1,0,5
3726,29,1,1,1,1,34320,17,133,66,4,1,9,3,0,0,1,0,2,1,0,9
6798,49,0,0,1,2,37070,433,466,30,231,7,137,4,15,39,5,1,8,9,0,12
5341,53,2,0,1,1,81975,1588,540,2,983,76,184,180,138,27,6,3,4,1,1,13
1606,44,0,1,1,1,38590,22,410,65,3,1,8,4,3,3,1,0,2,1,0,9
9617,64,0,0,0,0,15033,19,74,37,0,4,5,6,0,4,1,0,3,1,0,4
3233,50,1,1,1,1,62745,1117,463,89,562,21,464,28,10,32,7,8,11,3,0,12
89,40,2,1,1,1,22212,69,202,49,5,9,20,6,8,21,2,0,4,2,0,8
2936,33,1,1,1,1,23661,23,207,46,18,0,4,0,0,1,1,0,3,1,0,8
9449,57,1,0,1,1,79761,605,268,32,415,5,124,15,35,11,5,2,11,1,0,8
7297,42,0,0,1,1,7500,57,185,54,5,3,10,12,7,20,3,1,3,4,0,10
313,47,0,0,0,0,73455,2088,244,98,901,61,757,186,163,20,6,5,10,1,1,9
9940,57,0,1,1,1,64961,1009,553,97,382,114,276,75,124,38,6,4,4,2,0,9
10735,44,0,0,1,1,22804,26,333,75,14,1,7,2,1,1,2,0,2,1,0,11
9529,25,0,1,0,0,73687,1627,213,8,559,153,503,218,13,181,3,9,9,1,1,5
6439,57,0,1,1,1,61074,1102,681,37,789,0,133,0,28,152,11,5,8,7,0,18
7411,51,1,1,1,2,31686,17,24,31,11,0,5,0,0,1,1,0,3,2,0,7
2176,43,0,1,1,1,80134,1690,405,40,1218,16,272,104,0,80,5,3,6,2,3,11
9265,62,0,1,1,1,75027,1390,536,74,925,64,179,133,12,77,9,4,6,2,0,14
8867,27,1,1,0,0,67546,2126,667,90,864,134,768,150,38,172,4,10,5,1,0,7
8932,46,1,1,1,1,65176,1531,608,57,960,28,183,220,70,70,9,6,6,4,0,15
10236,40,1,0,1,1,31160,64,286,59,16,3,25,6,1,13,2,0,3,2,0,10
6340,30,0,0,1,1,29938,26,245,52,3,3,7,0,2,11,1,0,3,2,0,7
10089,41,0,0,0,0,102692,1112,450,5,168,148,444,32,172,148,6,9,13,1,4,8
2227,57,2,1,0,0,26490,210,645,92,45,47,52,21,20,25,3,1,5,2,0,9
10992,48,0,1,1,2,75702,1148,669,77,650,28,353,45,42,30,4,6,11,5,0,12
5304,41,1,0,1,1,30899,33,624,35,24,0,8,0,0,1,1,0,3,2,0,7
309,54,1,1,1,1,63342,1101,621,48,918,21,118,13,10,21,8,3,5,3,1,14
3406,51,0,0,1,1,45989,322,615,97,138,33,87,28,24,12,3,2,7,4,0,6
2661,51,0,0,1,2,18701,44,390,95,12,4,2,10,6,10,2,0,4,4,0,7
3153,58,1,0,1,3,40737,17,203,24,11,0,4,0,0,2,1,0,2,1,0,9
10264,36,0,0,1,1,15287,31,627,60,1,2,8,4,3,13,1,1,2,2,1,8
1184,47,1,0,1,2,69674,845,403,46,554,41,215,11,0,24,10,2,10,3,0,15
4200,45,1,1,1,1,44159,275,12,85,167,2,62,24,13,7,4,1,6,4,0,9
9396,37,1,1,1,1,37717,25,583,31,9,0,6,4,1,5,1,0,2,1,0,10
2387,63,1,1,1,2,43776,275,511,9,177,2,71,3,2,20,5,2,4,6,0,13
6690,49,1,1,1,2,38179,90,472,30,38,4,22,4,2,20,3,1,3,4,0,10
1225,52,0,1,0,0,80124,1495,3,47,483,84,398,205,84,241,3,7,8,1,1,4
9703,45,1,1,1,2,38097,184,622,70,77,2,35,0,1,69,3,2,2,4,1,10
291,45,0,1,0,0,72940,981,375,13,182,74,298,162,149,116,3,3,6,1,0,4
4557,45,0,1,1,1,22070,67,268,11,10,7,19,8,2,21,2,2,2,2,0,8
2379,62,0,0,0,0,69267,1635,645,31,778,44,499,95,73,146,3,4,5,2,0,10
5726,32,1,0,1,1,31788,60,101,15,16,7,23,0,8,6,3,0,4,3,0,8
3066,40,1,1,1,1,61905,231,145,2,167,0,43,6,2,13,4,2,4,2,0,9
6336,55,0,1,1,2,29315,48,84,55,13,2,14,8,7,4,2,0,4,4,0,8
10967,52,0,0,1,2,33378,99,508,38,33,6,40,3,7,10,2,0,4,3,0,9
2304,52,1,1,1,1,66313,770,286,86,625,7,99,10,22,7,6,3,12,2,0,10
3445,59,0,0,0,0,60714,957,528,56,216,162,224,101,92,162,7,4,10,2,0,12
7828,34,1,1,0,0,77882,818,60,29,68,129,396,188,22,15,3,3,5,1,0,4
3762,29,1,0,0,0,69867,925,453,30,196,0,512,33,130,54,3,5,8,1,1,4
4391,47,1,0,1,1,63841,908,434,64,635,15,100,20,7,131,9,3,9,1,0,15
4669,34,2,1,1,1,24480,102,503,46,4,19,9,28,25,17,3,0,4,3,0,10
10144,39,0,1,1,1,51369,576,612,84,297,7,79,0,11,182,8,2,4,2,0,16
8652,69,0,1,0,0,37760,317,667,20,84,5,38,150,12,28,4,1,6,2,0,11
1672,41,1,1,1,1,65640,461,120,74,204,7,149,20,15,66,5,1,8,1,0,7
8962,40,1,1,1,2,44319,37,73,18,26,0,8,0,0,3,2,0,3,2,0,7
9974,41,0,1,1,1,30631,70,352,75,15,6,20,4,5,20,3,1,2,1,0,10
10983,63,0,1,0,0,75278,930,516,17,304,98,230,150,74,74,6,3,13,1,0,9
8148,59,1,1,1,2,50898,859,537,88,285,28,242,55,114,135,6,2,12,13,0,11
10102,49,0,0,0,0,79946,1478,48,19,395,183,565,166,141,28,5,11,5,1,0,8
4697,66,1,0,0,0,35416,390,381,62,248,3,81,4,3,51,7,1,5,3,0,15
9262,31,2,1,0,0,32414,52,360,11,20,6,5,0,9,12,1,0,3,1,1,8
7254,46,0,1,1,1,38361,137,184,74,39,0,56,20,8,14,3,1,3,3,0,10
4543,35,0,1,0,0,82497,1919,606,32,777,129,573,216,21,203,2,7,9,1,1,6
4927,44,0,1,1,2,16626,68,165,76,8,3,22,21,1,13,3,0,3,3,0,12
10451,50,0,1,1,2,29672,25,474,6,9,1,3,0,4,8,0,0,3,1,0,6
2926,63,1,1,1,1,55951,1374,675,62,1241,0,80,0,13,40,3,6,11,3,2,11
2874,27,2,0,1,1,35388,32,479,20,6,4,7,4,3,8,1,0,3,1,0,8
9738,29,1,1,1,1,42386,100,532,43,65,4,16,0,4,11,3,0,3,1,0,11
7119,33,0,0,0,0,68627,825,533,45,395,15,263,60,54,38,2,3,6,1,0,3
3924,50,1,0,1,1,57912,916,104,34,801,0,80,0,0,35,8,3,12,5,1,13
5827,57,0,0,1,2,35246,62,74,53,36,0,12,2,2,10,3,1,3,4,0,8
5596,59,2,1,1,1,58821,728,260,44,513,14,154,19,0,28,9,2,9,1,0,15
10812,37,1,1,1,1,46377,90,120,89,37,0,46,4,3,0,2,1,3,1,0,6
1717,27,0,0,1,1,39747,273,77,43,80,15,93,20,13,52,5,1,4,3,0,13
9491,31,0,1,1,1,23976,66,184,68,14,1,21,2,3,25,3,1,3,3,0,10
9274,54,1,1,0,0,80950,1213,458,44,525,147,112,219,147,63,6,7,9,1,1,8
6609,49,0,0,0,0,27038,107,649,64,1,26,25,17,23,15,3,0,3,1,0,12
6963,68,0,0,0,0,77457,1157,116,85,675,11,400,15,45,11,2,5,10,1,1,3
4440,51,1,1,1,1,64100,546,292,93,509,0,27,0,0,10,8,3,6,1,1,15
1379,23,1,1,0,0,42670,241,428,12,154,2,46,20,4,15,4,2,4,1,0,8
10032,39,0,0,1,1,12571,53,162,86,3,5,14,2,12,17,3,1,3,4,0,9
2826,48,0,1,1,3,22574,37,244,28,25,0,8,2,0,2,2,0,3,2,0,9
6320,39,1,0,0,0,70893,1508,508,42,768,44,561,77,44,14,6,6,10,1,0,9
3050,49,0,1,1,2,54198,235,194,13,185,0,28,3,2,17,3,1,6,6,0,7
231,59,1,1,1,2,28839,32,110,86,24,0,7,0,0,1,2,0,3,2,0,7
2392,43,0,1,1,2,40321,102,335,59,44,4,21,6,0,27,3,0,3,2,0,10
9478,30,0,0,1,1,66503,401,684,30,91,64,128,65,3,50,4,3,6,2,0,7
113,64,0,1,1,2,30833,28,348,33,11,0,7,3,1,6,1,0,3,2,0,6
1802,44,0,1,1,1,64795,680,528,23,412,5,119,38,29,77,3,3,12,3,0,5
520,41,0,1,1,1,34421,30,363,81,3,3,7,6,2,9,1,0,2,1,0,8
8275,50,1,0,1,2,47025,20,140,6,16,0,3,0,0,1,1,0,2,1,0,8
9750,54,1,0,1,1,64325,1307,507,41,731,60,353,78,12,73,10,3,5,5,0,17
2607,62,0,0,1,1,40464,630,534,78,424,17,118,7,23,41,8,2,8,6,0,16
7214,58,0,1,0,0,62187,1283,359,49,792,0,275,45,45,126,4,8,5,1,0,7
5835,39,1,0,1,1,14849,65,362,39,21,2,28,3,2,9,2,0,4,3,0,10
3896,31,0,1,1,1,27255,37,234,3,22,1,11,0,1,2,1,0,3,1,0,8
10350,65,1,1,1,3,54432,38,416,37,33,0,5,0,0,0,1,0,3,1,0,5
7786,29,1,0,1,1,29999,160,501,22,68,7,59,10,5,11,3,1,4,4,0,11
2861,32,0,0,1,1,24072,23,439,79,9,1,6,3,0,4,1,0,2,1,0,9
663,26,1,0,0,0,33996,71,291,46,40,2,15,8,0,6,1,1,3,1,0,5
10675,59,1,1,1,1,66334,1161,452,82,909,11,218,0,0,23,9,3,5,2,0,14
2521,44,1,1,1,1,35178,59,535,10,23,1,13,2,2,18,1,1,2,1,1,8
9592,32,0,1,1,1,22010,33,364,51,11,2,9,3,0,8,2,0,3,2,0,10
10151,55,0,0,1,2,62204,946,655,38,317,46,247,151,46,139,4,5,12,1,0,7
7381,47,0,0,0,0,75693,1442,570,10,797,153,293,72,97,30,11,4,6,1,3,15
4099,43,0,1,1,1,30675,62,594,14,10,2,16,11,2,21,1,0,3,1,0,9
9560,50,0,1,0,0,83003,1674,483,18,856,61,570,40,25,122,7,6,8,1,1,10
10172,27,0,0,0,0,68655,1538,688,95,456,19,832,75,118,38,4,5,11,1,0,7
11191,29,0,0,0,0,41411,139,204,11,37,32,38,11,3,18,2,1,4,1,0,8
9707,46,1,1,1,1,55212,1182,583,65,1103,0,45,0,0,34,4,2,11,3,2,12
6245,65,1,1,1,1,59292,507,381,71,378,14,68,19,14,14,3,5,8,2,0,6
8234,42,2,1,1,1,27190,18,318,13,1,6,7,0,1,3,1,0,2,1,1,9
1411,63,0,0,0,0,82623,940,231,58,204,34,204,172,153,173,2,9,4,1,0,3
8553,50,0,1,1,2,44300,42,371,65,30,0,9,0,0,3,1,0,3,2,0,7
1826,45,0,0,0,0,84835,1190,13,0,189,104,379,111,189,218,4,4,6,1,0,5
8842,44,0,0,1,2,30372,44,551,33,15,0,12,7,3,7,2,0,3,3,0,9
11030,39,1,1,1,1,33181,16,177,90,9,0,3,0,0,4,1,0,2,1,1,7
2579,58,0,1,1,1,71113,835,194,95,495,33,255,11,33,8,6,7,9,4,0,10
175,29,0,1,1,1,71952,1443,535,93,656,80,455,52,107,93,8,4,8,2,2,12
9185,49,1,0,0,0,69759,1029,244,38,452,20,514,13,30,0,4,6,5,3,0,7
11056,41,0,1,0,0,72099,1188,610,18,546,91,410,119,0,22,3,4,10,1,0,4
9365,39,1,0,1,1,60000,1277,554,57,1048,0,217,0,0,12,11,3,5,5,0,17
6201,37,0,0,1,2,38643,49,212,45,22,2,14,0,1,10,2,0,3,2,0,9
2061,60,0,1,1,1,50737,99,414,61,78,0,11,0,0,10,2,0,4,1,1,8
6184,46,1,1,0,0,68462,1670,564,6,561,64,785,84,128,48,3,3,8,1,0,4
6142,72,1,1,0,0,65073,900,313,65,629,17,177,69,0,8,5,3,5,1,0,7
4107,67,1,1,1,2,46681,425,264,52,269,15,69,15,19,38,4,6,4,2,0,9
7274,58,0,1,0,0,78618,2153,639,87,736,163,818,212,163,61,4,7,10,1,1,6
9336,46,1,0,1,1,62187,636,99,38,512,0,83,0,0,41,6,2,10,3,0,10
2958,37,0,1,1,2,28442,57,125,53,19,3,10,11,8,6,2,1,4,3,0,6
933,37,1,1,1,1,37717,25,583,31,9,0,6,4,1,5,1,0,2,1,0,10
5837,48,0,1,1,2,51479,494,548,67,247,8,160,6,8,65,6,3,6,7,0,13
10704,46,0,0,1,1,54803,693,677,65,404,0,92,28,27,142,6,2,9,2,0,10
5125,55,0,1,0,0,79530,1348,408,64,333,0,815,129,42,29,4,10,11,1,0,6
4432,39,0,0,1,1,31615,51,470,82,2,3,20,6,11,9,2,0,3,2,0,9
5955,53,0,1,0,0,72025,1932,589,27,833,33,549,151,133,233,4,3,8,1,0,7
2928,40,1,0,1,1,52614,990,575,63,789,0,142,12,9,38,2,4,8,2,0,10
5680,31,2,1,1,1,35684,30,68,66,10,4,7,0,6,3,1,0,3,1,0,7
10313,40,0,1,1,2,48178,254,609,69,159,4,45,6,2,38,5,1,4,6,0,13
2557,45,1,0,1,1,29548,29,304,52,7,1,6,3,1,11,1,1,2,1,1,5
1245,49,0,0,1,1,63810,1371,595,45,977,12,253,16,12,101,4,3,12,4,1,12
1519,43,1,0,1,2,38578,73,372,2,38,4,22,3,3,3,3,0,3,3,0,11
10703,40,1,0,1,2,46098,120,680,86,57,0,27,0,0,36,3,2,2,4,0,11
1726,45,0,0,0,0,22585,81,468,23,3,9,15,13,2,39,1,1,2,1,1,10
4459,26,0,0,1,1,30279,37,546,13,10,4,14,4,4,1,1,0,3,1,0,9
1729,54,1,1,1,1,66426,1377,270,14,1043,24,97,32,24,157,3,5,10,2,0,9
1517,46,0,0,1,1,30822,51,380,92,3,9,13,2,12,12,1,0,3,1,0,8
2098,46,1,1,1,2,33581,17,537,38,11,0,5,0,0,1,1,0,2,1,0,9
9543,30,0,1,1,1,19986,22,227,74,3,6,5,0,2,6,0,0,3,1,0,7
6878,61,0,0,0,0,27421,324,564,14,43,12,96,78,40,55,4,1,6,3,0,11
3310,42,2,1,1,3,35688,211,676,94,73,3,90,12,1,32,4,1,4,7,0,12
2724,34,1,0,1,1,36143,19,91,33,12,0,1,0,0,6,0,1,2,1,0,3
948,44,0,0,1,1,10245,41,410,32,4,7,7,6,4,13,1,2,2,3,0,6
6720,47,1,1,1,1,43795,492,256,11,314,11,53,4,3,107,7,3,4,3,1,14
6202,55,0,1,1,1,63381,1005,632,78,571,50,142,33,50,159,4,5,13,4,0,6
2066,66,0,1,1,1,38823,114,668,56,70,0,11,2,8,23,2,1,3,1,0,8
9799,47,1,0,1,2,83664,1173,417,57,866,21,151,28,21,86,2,2,12,3,0,7
8318,36,0,1,0,0,90300,1738,177,7,594,134,786,33,134,57,5,6,8,0,1,6
5642,36,1,1,1,1,62499,222,202,0,140,4,61,0,13,4,3,1,6,2,0,7
2669,22,0,0,0,0,74293,1127,56,66,375,152,335,93,91,81,5,4,6,1,0,7
455,69,1,1,0,0,51012,209,437,86,102,9,63,2,9,24,4,1,4,1,0,10
7683,47,1,1,1,1,70777,787,124,80,554,35,113,0,7,78,5,3,12,3,0,8
3428,24,1,1,0,0,68682,1598,266,56,919,0,505,99,30,45,4,9,10,1,0,6
7414,44,0,1,1,2,43824,186,652,18,96,1,42,12,3,32,3,1,4,4,0,11
6354,31,0,1,1,1,15345,47,667,51,5,2,16,3,2,19,1,1,2,2,0,9
798,28,0,0,1,1,23442,27,552,71,2,0,6,8,6,5,1,0,3,1,0,8
8213,35,2,1,1,1,14515,96,597,71,6,4,9,6,36,35,2,2,3,4,0,9
2488,59,2,0,1,2,31395,64,463,80,23,1,25,0,8,7,2,1,3,4,0,8
9999,50,0,1,0,0,75276,1040,640,2,610,105,125,137,42,21,9,4,9,1,0,14
7617,41,0,0,1,2,42373,163,318,83,67,5,61,3,8,19,2,1,5,5,0,7
615,55,0,1,0,0,30507,343,475,29,65,36,74,38,20,110,5,1,4,1,0,12
2552,60,1,0,1,3,55521,446,250,11,416,0,26,0,0,4,6,3,6,9,1,13
194,50,0,1,1,2,48006,41,20,55,23,0,11,3,2,2,1,0,3,1,0,7
3645,43,1,0,1,1,27213,70,668,19,19,3,26,10,9,3,2,0,4,3,0,10
8890,44,1,0,1,2,65808,272,30,1,155,7,80,13,7,10,5,1,5,3,0,11
5049,41,1,1,1,1,30351,46,388,19,14,0,24,3,3,2,3,0,2,1,0,12
9973,52,0,1,1,2,50437,490,620,28,370,9,92,6,9,4,7,1,8,3,0,14
7301,33,2,0,1,1,23616,79,589,76,4,22,11,3,7,32,3,0,3,2,0,11
10882,39,0,1,1,1,53858,915,597,50,407,53,221,58,150,26,4,3,6,4,0,8
7030,60,1,1,1,1,66465,1485,456,1,1200,0,204,38,29,14,11,9,12,3,1,17
7422,28,0,0,1,1,46923,369,676,90,85,44,54,102,78,6,5,1,7,3,0,12
3523,53,0,1,1,1,75072,1073,522,83,583,34,309,0,22,125,5,4,8,2,0,8
7106,72,1,1,0,0,75865,1242,90,73,483,0,591,156,0,12,3,5,10,1,0,4
6504,40,2,1,1,1,19789,78,221,24,2,5,9,28,6,28,2,1,3,3,1,7
5067,21,0,1,0,0,80134,1378,135,11,966,26,282,52,26,26,2,7,11,1,4,7
4216,34,0,0,0,0,91065,1474,492,33,822,114,108,179,137,114,7,9,9,1,2,10
8581,44,1,1,1,2,49505,751,481,4,604,0,100,19,0,28,10,2,8,9,0,18
5929,42,1,1,1,1,37401,48,54,14,19,3,19,3,1,3,2,0,3,2,0,9
3129,32,0,1,1,1,30096,45,38,30,5,3,11,12,5,9,2,0,3,1,0,8
6528,33,1,1,1,1,18492,10,24,75,2,2,2,2,1,1,1,0,2,1,0,9
1361,41,1,1,0,0,82584,1435,390,26,1076,68,103,29,91,68,3,4,8,1,2,4
6932,74,1,1,0,0,93027,2119,442,77,1285,42,716,55,0,21,7,10,5,0,1,9
7284,62,0,1,1,3,48686,20,207,8,10,0,7,2,0,1,1,0,2,1,0,9
1340,29,0,1,0,0,92910,1795,66,42,551,137,792,179,103,33,6,7,13,1,3,7
8746,26,0,1,1,1,75433,1188,85,28,800,0,297,0,34,57,2,5,10,2,2,8
5987,26,2,1,1,1,10404,43,56,52,2,2,11,10,6,12,1,0,4,2,0,6
3767,47,0,1,1,1,61314,1008,430,1,378,0,189,97,172,172,5,5,12,2,0,8
3725,54,1,0,0,0,84865,1688,416,1,1248,16,349,43,16,16,2,4,9,1,4,6
4324,26,0,1,1,1,42387,684,608,42,235,0,235,19,4,191,8,1,7,5,0,16
238,48,2,1,1,2,67309,1082,522,76,515,47,181,149,95,95,9,6,9,15,0,16
6694,51,0,1,1,1,75236,1068,216,27,438,66,400,12,38,114,8,3,13,1,0,12
498,45,0,0,1,1,30015,57,147,28,25,0,22,2,3,5,1,0,4,2,0,6
9347,59,1,1,1,1,50943,46,373,49,31,0,7,2,0,6,1,0,3,1,0,6
9699,49,0,0,1,1,67272,733,190,12,357,35,271,28,28,14,6,2,12,3,0,11
10664,66,1,0,1,1,51529,467,295,14,400,4,35,6,0,22,9,1,5,2,0,17
5455,44,1,1,1,1,32011,122,311,89,99,0,15,2,1,5,2,1,4,3,0,9
456,29,2,1,1,1,7500,36,507,96,1,11,5,4,6,9,2,0,3,2,0,10
5012,26,0,1,1,1,28691,34,360,56,5,4,13,8,0,4,1,0,3,1,0,9
7495,67,1,1,1,1,56223,156,191,72,77,28,31,16,0,4,2,1,5,2,0,6
5029,69,0,1,0,0,18100,14,327,14,3,1,2,4,3,1,0,0,3,1,0,5
10642,26,0,0,1,1,30279,37,546,13,10,4,14,4,4,1,1,0,3,1,0,9
2106,41,2,1,0,0,20130,34,104,99,0,6,3,7,6,12,1,0,3,1,0,9
10364,56,0,0,0,0,23295,20,351,72,0,0,1,2,12,5,1,0,2,1,0,9
5954,43,1,0,1,1,42618,192,263,92,76,14,74,13,5,10,5,0,4,2,0,13
1137,51,0,0,0,0,81246,1379,182,87,398,190,537,61,156,37,4,5,7,1,2,5
2541,39,0,1,1,1,24027,48,385,7,14,7,11,11,0,5,2,0,3,2,0,10
1142,62,1,1,1,1,55707,428,189,91,208,7,82,30,66,35,3,2,9,2,0,6
2276,60,0,0,1,1,57959,868,423,71,430,16,322,43,24,33,4,7,11,5,0,7
2807,46,0,1,1,1,56796,1001,498,24,656,38,161,62,47,37,8,9,7,3,0,15
6471,44,1,0,1,1,36230,59,255,17,14,2,30,8,2,3,2,0,4,1,0,7
6131,35,2,1,1,2,70829,431,210,87,141,70,106,72,19,23,4,2,8,2,0,7
6233,39,0,1,1,1,65991,971,660,21,507,19,364,25,47,9,9,5,10,3,0,16
4148,43,0,1,1,3,38988,348,678,90,164,24,103,12,3,42,5,1,6,7,0,13
4947,49,2,0,0,0,89572,2059,652,44,606,24,974,197,194,64,7,7,9,1,2,11
3225,31,1,1,1,1,42207,265,454,71,116,11,72,3,17,46,4,1,5,4,1,10
7540,63,0,1,1,1,50300,270,35,52,143,15,60,24,23,5,2,1,8,2,0,4
10648,33,2,1,0,0,66664,1289,642,78,398,96,447,220,96,32,5,7,6,1,0,8
1992,51,0,1,1,1,60597,893,179,2,522,0,257,32,16,66,2,2,8,4,1,9
7851,66,0,0,0,0,70165,926,280,60,161,0,253,199,191,122,3,7,11,1,0,4
8594,57,1,0,1,1,50520,135,152,25,112,0,6,2,1,14,3,1,3,2,0,9
7059,52,0,1,0,0,80124,1495,3,47,483,84,398,205,84,241,3,7,8,1,1,4
2815,40,0,1,1,1,33183,120,125,46,7,5,39,17,15,37,4,0,3,2,0,11
2416,46,1,0,0,0,66582,1288,118,83,789,25,420,16,38,0,2,8,9,1,0,3
7999,60,1,1,0,0,75261,1743,432,17,1239,17,413,23,34,17,5,6,5,1,2,7
9213,45,0,0,1,1,31880,15,606,13,4,1,5,2,0,3,1,0,2,1,0,9
9697,64,0,1,1,2,53790,542,115,86,335,42,127,28,5,5,7,2,8,3,0,13
3916,44,1,1,1,1,49269,890,683,92,639,8,166,11,8,58,7,3,12,3,0,14
2021,40,0,1,1,1,61456,1388,459,47,563,76,384,84,192,89,6,10,13,4,0,10
1581,35,0,1,1,1,37406,17,262,18,2,0,8,2,2,3,1,0,2,1,0,9
564,34,1,1,1,1,56937,906,694,81,746,8,125,11,8,8,8,6,9,7,1,14
6619,37,0,1,1,2,38415,44,543,91,22,1,13,4,0,4,1,0,3,2,0,8
9081,27,0,0,1,1,20518,25,42,58,4,1,6,4,1,9,1,1,2,1,0,6
178,59,0,1,1,1,62503,973,496,40,478,0,193,110,75,117,8,3,11,4,0,13
916,43,1,0,1,2,41644,31,51,67,20,3,4,2,0,2,1,0,3,2,0,4
5512,38,1,1,1,1,55842,518,37,19,451,0,39,0,4,24,7,1,8,1,0,12
8970,43,1,1,1,1,62010,530,614,93,371,22,39,6,0,92,6,2,7,4,0,11
10581,38,0,1,1,1,41124,506,606,41,281,7,84,15,0,119,7,3,4,7,0,15
5300,42,1,1,1,1,38961,70,181,60,19,7,19,0,1,24,2,1,2,1,0,9
5154,43,1,0,1,1,37760,54,322,54,26,3,13,2,10,0,2,0,3,1,0,8
8346,41,0,0,1,1,32233,296,679,26,138,15,35,25,11,72,6,2,2,2,1,15
1676,40,0,1,1,1,43057,266,242,30,213,2,44,0,2,5,4,2,5,4,0,9
9286,55,1,1,0,0,83151,747,627,93,407,28,100,120,74,18,5,9,4,1,0,8
2426,51,1,0,0,0,78825,895,653,35,483,74,114,169,37,18,5,10,13,1,0,8
5172,39,1,1,1,1,65104,1053,227,4,738,0,232,13,20,50,3,5,7,2,0,10
5562,41,0,1,1,1,60093,735,368,92,502,12,109,16,6,90,7,2,10,2,0,13
3436,46,0,1,1,1,14045,20,154,24,11,0,5,2,1,1,1,0,3,1,0,8
3921,63,2,0,0,0,28457,205,609,96,24,1,108,29,29,14,4,1,4,1,0,12
3403,57,1,1,1,1,78952,2092,643,11,1170,19,594,99,76,134,2,5,12,2,0,8
22,39,0,0,1,1,46310,309,573,99,185,2,88,15,5,14,6,1,5,2,0,14
10965,60,0,1,0,0,76005,1722,492,72,983,20,389,240,50,40,3,5,13,1,1,9
9426,51,1,0,1,1,58308,900,533,77,691,0,69,10,0,130,2,6,3,4,0,10
6605,71,1,0,0,0,55614,682,214,85,504,13,131,8,0,26,9,4,6,1,1,16
3136,53,1,0,1,1,59432,663,442,88,317,25,265,25,19,12,5,3,11,3,0,10
8737,37,0,0,1,1,55563,43,85,22,29,1,9,2,0,2,2,0,3,1,0,5
11088,44,1,1,1,1,78642,1816,434,83,1396,0,322,46,35,17,4,9,4,1,0,10
716,66,1,1,1,1,67911,976,38,63,529,0,356,63,28,0,6,7,11,3,0,9
466,71,0,1,0,0,65275,746,452,9,388,14,218,91,14,21,4,3,13,1,0,6
9135,65,0,1,1,2,27203,64,692,92,13,2,21,4,0,24,1,1,2,2,0,9
10623,54,1,1,1,1,48330,32,226,2,28,0,4,0,0,0,1,0,3,1,0,6
8151,25,2,1,0,0,24279,263,547,6,16,36,21,20,62,108,4,1,3,1,0,12
5140,30,1,1,1,1,64355,1445,674,66,1047,0,140,67,38,153,4,3,12,2,0,12
10160,59,1,1,1,1,50943,46,373,49,31,0,7,2,0,6,1,0,3,1,0,6
4945,62,0,0,0,0,53653,1210,599,29,815,10,239,28,10,108,10,4,12,2,0,16
10584,39,0,1,1,1,65665,945,209,77,225,162,387,106,36,29,5,10,8,1,0,8
6071,26,0,0,0,0,81217,1157,345,77,493,70,324,146,40,84,3,7,11,1,0,4
3386,23,0,1,0,0,34935,137,373,71,34,4,66,3,10,20,2,1,4,1,0,9
8939,56,0,0,1,1,61250,730,560,49,382,138,65,60,26,59,5,2,12,6,0,10
9925,34,1,1,1,1,39665,216,400,97,127,1,56,0,1,31,4,2,3,3,1,11
4320,36,0,0,1,1,60152,943,458,6,325,83,300,86,58,91,6,4,12,1,0,9
5389,51,0,1,1,2,48920,347,252,93,238,17,68,8,10,6,6,2,5,3,1,13
6036,56,1,1,0,0,89120,1924,104,78,1168,92,408,72,129,55,5,6,7,1,1,6
182,69,1,1,1,1,44124,397,414,62,284,0,55,0,6,52,6,2,5,4,0,14
203,40,1,0,0,0,81169,2089,441,47,1288,20,613,80,61,27,5,7,9,1,0,7
11025,54,0,1,1,2,36443,138,511,9,65,0,46,4,3,20,3,1,3,4,0,11
10203,25,0,0,1,1,26095,42,364,77,11,7,9,3,1,11,1,0,3,1,0,8
4607,56,0,1,0,0,71367,777,310,24,227,23,389,42,21,75,4,5,7,1,0,6
3711,71,1,1,0,0,80184,1902,120,19,1035,134,670,25,38,0,6,3,10,1,2,9
3696,50,0,0,1,2,30630,52,153,67,27,1,12,2,0,10,2,0,3,2,0,9
2532,28,1,0,0,0,73454,1651,120,95,982,73,351,56,14,175,2,4,6,1,1,7
9214,24,0,1,0,0,42691,358,317,48,179,2,64,38,17,58,5,1,6,1,0,10
4943,62,0,1,0,0,70503,1727,637,73,1379,33,216,0,33,66,2,4,9,1,2,8
35,28,0,1,1,1,25545,210,659,35,32,1,64,16,12,85,2,2,3,3,0,8
2258,29,0,1,1,1,32880,42,572,76,8,4,15,7,6,2,1,0,3,1,0,9
4322,57,1,1,0,0,77863,1291,214,20,881,38,319,16,25,12,4,5,10,1,0,6
713,38,1,1,0,0,50353,442,21,72,141,15,153,67,31,35,4,4,6,1,0,7
4702,51,0,0,0,0,61839,1895,686,20,1000,155,379,224,17,120,4,8,4,1,0,12
3281,55,1,1,1,2,49154,411,238,69,206,10,67,30,27,71,4,1,8,6,0,10
702,40,2,0,1,1,47682,521,499,80,162,61,83,97,57,61,4,3,8,4,0,9
2004,46,0,0,1,1,72679,1168,284,65,619,54,260,127,54,54,4,7,5,1,0,5
4769,38,1,1,1,2,57954,493,11,52,456,4,24,0,0,9,8,2,6,7,1,15
4437,53,0,1,1,2,65316,260,431,65,112,6,92,3,9,38,3,2,5,2,0,7
8724,33,0,0,1,1,28567,46,377,57,11,3,22,2,2,6,2,0,3,2,0,8
10741,64,1,1,1,1,47352,319,444,70,172,12,112,8,0,15,6,1,5,4,0,13
1991,48,0,1,1,1,44931,96,162,0,78,0,11,0,0,7,2,1,3,1,0,7
6931,48,0,0,0,0,76982,1062,134,19,464,151,292,65,60,30,8,3,4,1,1,12
11096,63,2,1,1,1,57247,232,325,50,99,4,32,37,54,6,2,1,7,2,0,4
304,34,1,0,1,1,22944,76,188,67,19,3,19,4,5,26,3,0,3,3,0,10
3665,38,2,1,1,1,25315,54,234,46,1,9,8,11,3,22,3,0,3,3,0,11
10591,46,0,0,1,1,43638,201,692,37,63,10,83,7,19,19,4,1,4,2,0,11
5036,31,1,0,1,1,42710,406,578,38,252,3,42,4,3,102,4,5,3,2,0,10
5547,33,1,1,0,0,84169,1919,326,9,1478,19,403,0,19,0,7,6,6,1,2,10
7822,39,0,1,1,1,54058,662,390,56,198,18,252,32,108,54,4,6,8,2,0,7
8541,25,2,1,1,1,24683,41,113,98,8,4,10,6,7,6,2,0,4,2,0,7
10955,51,0,0,0,0,85620,1600,173,68,416,46,925,60,107,46,3,6,4,1,0,4
4368,35,0,1,1,1,47850,134,208,72,42,7,43,20,12,10,3,0,4,1,0,9
9671,47,0,1,1,2,19514,69,154,47,14,3,21,2,1,28,3,1,2,4,1,11
2256,42,1,1,1,2,27159,21,92,33,17,0,3,0,0,1,1,0,3,2,0,7
4279,52,2,0,1,2,39548,54,90,87,15,4,10,3,4,18,1,1,3,2,0,4
5371,26,0,0,1,1,21474,91,82,0,6,16,24,11,0,34,3,1,2,2,1,10
9240,44,1,0,1,1,60504,526,142,73,458,0,24,6,4,34,6,2,8,2,0,12
9460,52,0,1,0,0,22419,162,437,74,30,3,47,19,21,42,3,2,2,1,0,11
9504,66,1,1,0,0,81698,1008,235,4,179,28,520,111,123,47,3,8,13,1,0,4
8692,63,0,1,1,2,43462,240,655,50,90,17,97,15,6,15,4,1,5,6,0,12
448,37,1,0,1,1,54880,795,485,57,308,85,137,102,45,118,6,2,11,2,0,11
8314,33,0,1,0,0,79908,1772,450,30,557,129,761,29,185,111,5,6,7,1,1,7
8420,45,2,1,0,0,15315,64,330,27,7,4,13,15,8,17,2,0,4,2,0,7
3174,56,0,1,1,1,87771,1957,403,61,1492,38,287,50,57,33,5,10,4,1,4,11
7685,37,0,1,1,1,33039,78,293,4,30,8,12,8,8,12,2,0,4,1,0,7
3179,35,0,0,0,0,81741,1572,378,75,249,153,940,58,134,38,6,6,7,0,0,8
9780,44,1,1,1,1,71499,795,369,12,465,25,132,136,0,37,8,3,13,2,0,12
10681,45,2,1,1,1,62466,889,165,13,129,129,259,168,121,83,6,3,12,5,0,10
10232,52,1,0,1,1,48799,331,236,9,174,18,81,28,6,24,3,2,7,3,0,6
4184,65,1,1,1,1,52157,265,22,48,189,2,29,3,2,40,3,2,5,2,0,7
9120,53,0,0,1,1,66565,1065,571,80,747,10,161,65,40,42,4,2,9,4,0,12
891,64,1,1,1,2,29298,11,295,60,6,0,2,2,0,1,1,0,2,1,0,6
10381,36,0,0,1,1,47691,21,359,43,14,0,3,0,0,4,1,0,2,1,0,7
3525,45,0,1,1,2,38200,17,569,19,12,0,4,0,0,1,1,0,2,1,0,8
6818,41,0,1,1,1,44989,369,655,26,98,0,106,49,10,106,5,1,5,5,0,11
3526,47,1,1,1,2,38443,38,153,58,32,0,5,0,0,1,1,0,3,2,0,8
8181,37,2,0,1,1,38593,177,289,42,51,12,49,17,24,24,4,1,3,3,0,12
1029,45,1,1,1,1,64413,279,332,27,200,5,44,0,10,20,5,1,5,1,0,10
7369,34,1,1,1,1,36959,62,270,56,25,6,25,6,0,0,2,0,3,2,0,10
2574,38,1,1,1,1,61996,1230,514,27,1050,12,144,0,0,24,6,4,8,3,3,11
8159,47,0,1,1,2,51287,182,89,10,117,0,22,13,0,30,4,1,3,3,0,11
1160,45,0,1,1,2,13260,49,310,48,9,4,17,10,2,7,3,0,3,4,0,11
10242,49,1,1,1,2,47472,75,286,39,56,0,11,0,0,8,2,0,4,2,0,7
5253,59,1,1,1,2,54603,227,355,85,145,13,46,17,2,4,4,2,4,6,0,11
5966,41,1,1,1,2,45207,215,596,64,203,0,10,0,0,2,3,1,6,5,1,9
5314,64,0,1,1,1,40689,444,468,69,270,3,27,39,6,99,7,1,5,7,0,15
5081,48,2,1,1,2,47821,47,252,54,9,0,16,6,6,10,1,0,3,1,0,9
5123,64,1,1,0,0,27450,143,440,57,37,12,23,8,11,52,2,1,3,1,0,9
5756,32,0,1,1,1,39453,55,87,64,46,0,7,0,0,2,2,0,3,2,0,8
8036,44,2,1,1,2,26850,63,72,10,31,1,13,7,2,9,2,1,4,4,0,6
9058,60,0,0,0,0,79800,1867,644,65,1060,21,530,32,0,224,5,11,5,1,3,8
5057,54,1,1,1,1,61794,611,288,74,264,47,188,54,47,11,4,4,10,2,0,6
254,60,0,1,1,1,53863,473,43,4,399,4,30,6,4,30,7,1,7,3,1,14
4179,56,0,1,0,0,24221,55,313,94,8,9,9,2,5,22,1,1,3,1,0,5
3710,31,1,0,1,1,39684,81,625,41,19,0,35,6,4,17,2,1,2,2,0,9
7627,40,1,1,0,0,92163,2086,564,25,817,183,797,106,163,20,5,11,5,0,2,7
4501,50,1,0,0,0,69882,1478,231,94,292,127,635,132,127,165,3,7,9,1,0,4
6424,38,0,1,1,1,33178,49,150,9,12,6,2,11,2,16,1,0,3,1,0,5
3075,43,1,1,0,0,59973,382,291,47,130,30,168,20,34,0,3,4,7,1,0,4
4992,40,1,1,1,1,17459,69,283,12,6,4,16,3,10,30,3,1,2,3,0,10
5252,46,0,0,1,1,23910,67,611,80,16,12,18,7,1,13,2,0,3,1,0,9
7444,46,1,1,1,2,42169,30,253,20,19,0,9,0,0,2,1,0,3,2,0,9
6919,37,2,1,1,1,26224,63,390,39,4,7,15,13,9,15,2,1,3,3,0,8
3537,34,0,1,1,1,31089,79,681,57,31,3,31,2,8,4,3,0,4,3,0,11
10277,54,0,0,1,1,30081,42,493,27,36,0,2,0,0,4,1,0,3,1,0,8
2453,55,0,1,1,1,62807,819,667,83,526,28,135,10,21,99,5,3,12,3,0,10
7972,60,0,0,0,0,72906,1151,285,79,400,32,519,71,75,54,3,4,9,1,0,4
895,67,1,1,1,2,61467,594,567,69,410,16,114,0,5,49,5,2,10,3,0,10
1177,49,1,1,1,2,49618,129,519,77,80,3,26,4,2,14,3,1,3,4,0,10
7141,29,1,0,1,1,21888,213,547,15,88,10,46,2,3,64,5,1,2,4,0,15
7232,42,0,0,1,1,42429,67,138,99,55,0,6,2,0,4,1,1,3,2,0,6
8477,59,0,0,1,3,26150,28,475,61,5,1,13,3,5,1,1,0,3,1,0,8
2457,40,2,1,1,1,30801,45,611,23,8,4,5,15,2,11,1,0,3,2,0,8
988,50,0,1,0,0,81168,1193,53,84,410,0,592,147,22,22,6,4,7,1,1,9
7930,46,1,0,0,0,26877,268,314,74,101,13,76,20,18,40,3,1,6,2,0,9
4587,71,1,0,0,0,45006,266,346,90,162,25,53,16,0,10,3,1,7,1,0,6
6682,42,2,1,1,1,18978,37,565,41,2,8,1,4,7,15,1,0,3,1,0,9
6222,48,0,1,1,3,22574,37,244,28,25,0,8,2,0,2,2,0,3,2,0,9
10299,46,1,0,0,0,48240,882,597,73,389,91,248,64,49,41,6,3,13,3,0,11
3083,41,0,1,1,2,45837,373,338,88,215,13,87,17,17,24,6,2,5,5,0,13
8953,50,1,0,1,3,35791,35,419,94,27,0,5,0,0,3,1,0,3,2,0,9
1503,39,1,1,1,2,162397,107,391,31,85,1,16,2,1,2,0,0,1,0,0,1
8650,37,0,0,1,2,54162,42,468,31,5,6,10,6,5,10,1,0,3,1,0,5
10862,55,1,1,1,1,30522,326,681,6,179,8,83,19,11,26,1,2,9,5,0,3
2782,54,1,1,1,1,54456,404,353,23,352,0,27,10,0,15,6,1,7,3,0,12
6941,44,0,0,0,0,31632,95,350,92,17,8,12,11,15,32,2,1,2,1,0,9
10972,66,0,0,0,0,72298,939,111,52,625,35,169,58,17,35,4,3,6,1,2,5
10708,37,2,0,1,1,36975,33,183,50,10,6,11,0,4,2,1,0,3,1,0,8
6583,60,2,1,0,0,72635,981,391,54,390,22,323,104,35,107,6,8,6,1,1,9
3641,39,0,1,1,1,13624,36,525,93,10,2,15,2,1,6,2,0,3,2,0,8
10156,40,0,0,1,1,84196,1237,391,56,215,63,507,231,31,190,8,4,7,1,0,11
4299,55,0,1,1,1,70971,1825,646,28,1001,17,572,93,125,17,11,11,5,7,0,18
3469,38,1,0,1,2,34487,103,661,94,19,18,33,24,1,8,3,0,3,3,0,12
5063,38,0,0,1,1,28769,191,558,76,41,5,129,10,3,3,4,1,4,3,0,13
10727,45,1,1,1,1,69084,1586,222,43,1181,107,199,39,30,30,7,3,13,2,0,15
9624,57,1,1,0,0,65488,963,16,46,603,45,207,36,18,54,3,4,6,1,0,4
5156,45,2,1,1,1,62466,889,165,13,129,129,259,168,121,83,6,3,12,5,0,10
4376,55,2,0,0,0,32218,93,134,27,10,24,15,13,1,30,2,1,3,1,1,9
8923,42,0,0,0,0,83917,1587,437,12,514,22,732,42,198,79,6,7,7,1,0,9
8461,53,0,0,1,3,46102,16,111,3,14,0,1,0,0,1,1,0,2,1,0,8
6945,63,0,0,0,0,84574,1375,390,72,387,20,713,38,54,163,9,11,11,1,0,14
944,53,0,1,1,1,56181,393,537,6,121,103,69,8,44,48,4,2,7,1,0,8
1907,65,1,0,1,1,63120,1477,639,53,965,69,279,54,41,69,8,4,9,5,0,15
701,44,0,1,1,1,73691,1179,235,58,707,21,250,85,43,73,6,2,8,2,1,8
3856,55,0,1,1,1,63381,1005,632,78,571,50,142,33,50,159,4,5,13,4,0,6
4149,67,1,1,0,0,76140,1348,47,57,586,66,653,17,0,26,5,9,6,1,0,7
2131,56,1,0,1,1,62859,1307,546,37,1063,89,102,16,12,25,9,4,6,4,0,15
2942,51,0,0,1,1,45906,486,418,20,305,3,27,4,3,144,5,4,4,2,1,10
1173,68,1,1,0,0,77632,2252,476,73,1200,105,758,0,42,147,4,2,6,1,2,6
4381,44,1,1,1,2,46463,235,315,56,163,2,40,8,11,11,3,1,6,7,0,9
4611,45,0,1,0,0,105471,1724,524,36,1009,181,104,202,21,207,9,8,13,0,2,12
3376,45,1,0,1,1,55282,235,198,9,125,6,73,8,4,19,3,1,6,1,0,7
4679,38,1,1,1,1,78710,1092,37,42,721,0,152,119,50,50,7,6,12,3,0,11
10928,57,0,1,1,1,66886,599,286,28,315,4,62,41,31,146,7,1,7,2,0,12
4248,55,1,0,0,0,98777,2008,132,23,1000,19,711,125,115,38,4,6,9,0,1,5
6728,30,0,1,1,1,29103,48,671,38,16,0,17,6,3,6,1,0,3,2,0,10
6661,41,0,1,1,1,67445,1174,686,63,757,80,217,29,80,11,9,6,12,5,0,15
4725,65,1,1,1,1,50616,67,77,71,30,2,25,0,1,9,1,1,4,1,0,3
3277,60,0,0,1,1,49431,365,695,9,219,3,100,26,0,17,7,1,5,2,0,15
5555,40,0,0,0,0,153924,6,142,81,1,1,1,1,1,1,0,0,0,0,0,0
2564,62,0,1,1,1,61278,165,176,87,111,3,28,2,6,15,3,1,4,2,0,9
946,57,2,1,0,0,26490,210,645,92,45,47,52,21,20,25,3,1,5,2,0,9
3867,68,1,1,1,1,73059,1095,302,36,410,112,420,0,82,71,9,3,13,1,0,13
6940,49,1,0,1,3,46734,223,251,86,100,1,39,6,1,76,3,2,3,4,1,9
55,52,0,1,1,1,56253,597,569,83,509,0,65,7,11,5,7,2,9,4,0,13
7093,30,0,1,1,1,19986,22,227,74,3,6,5,0,2,6,0,0,3,1,0,7
5084,40,0,0,1,1,58330,1064,186,87,445,53,213,104,98,151,6,4,13,1,0,10
1777,35,2,1,0,0,25965,74,660,29,2,2,11,41,7,11,2,0,3,1,0,10
8162,59,1,1,0,0,14661,26,544,88,4,1,11,6,2,2,1,0,3,1,0,7
10826,56,0,1,0,0,18690,60,548,77,6,1,7,23,4,19,1,1,2,1,0,9
8754,41,1,1,1,1,45068,20,409,25,14,0,3,0,0,3,1,0,2,1,0,8
1987,28,2,0,1,1,21063,59,277,34,1,10,11,19,3,15,2,0,3,2,0,8
11007,47,1,1,1,1,29187,34,416,43,26,0,6,0,0,2,1,0,3,1,0,9
7426,44,2,1,1,2,54690,198,234,76,111,16,37,7,9,18,3,1,5,3,0,6
9153,51,1,1,1,1,59304,1048,335,81,418,61,428,80,51,10,7,8,10,3,0,12
10379,53,1,0,1,2,59247,574,233,87,327,9,122,19,14,83,5,2,9,5,0,11
9204,45,0,0,1,1,66731,1029,655,33,371,159,194,58,106,141,4,3,6,4,0,7
3197,35,0,1,1,1,77353,670,195,38,275,59,107,69,101,59,6,4,8,2,0,10
2920,40,1,0,1,1,52614,990,575,63,789,0,142,12,9,38,2,4,8,2,0,10
6961,41,0,1,1,2,26751,11,38,26,1,1,5,0,3,1,1,0,2,1,0,9
4673,52,1,1,1,1,81300,1241,607,17,1004,12,145,32,12,36,10,3,5,3,1,15
9937,36,0,0,0,0,70337,576,178,75,187,81,149,25,43,91,2,2,12,1,0,3
8779,30,2,1,1,1,36145,172,378,13,56,4,76,17,1,18,4,1,3,4,1,13
9596,35,1,0,0,0,65295,664,188,19,365,32,117,34,110,6,3,3,13,1,0,5
2891,52,0,0,1,1,68118,928,254,51,595,23,123,10,23,154,8,9,4,2,0,14
4910,48,0,0,0,0,68743,2074,668,81,1132,134,384,175,134,115,11,5,13,1,0,18
75,33,2,1,0,0,41039,467,339,32,34,11,137,179,61,45,8,1,5,1,0,16
10120,60,0,1,1,1,38946,257,248,84,116,6,82,6,6,41,3,1,6,2,0,8
6327,48,0,1,0,0,65777,1146,192,87,565,32,435,28,32,54,2,8,6,1,0,3
10142,39,1,0,1,1,66476,689,479,99,372,18,126,47,48,78,5,2,11,2,0,9
9826,43,1,0,0,0,86857,2114,655,96,899,102,838,133,102,40,5,6,10,1,0,7
1501,33,1,1,0,0,160803,1717,694,21,55,16,1622,17,3,4,0,28,1,15,0,0
10767,26,1,1,0,0,77845,1346,44,40,760,40,480,0,40,26,3,5,12,1,2,4
7279,46,1,1,0,0,69476,1044,272,3,260,86,559,63,9,67,4,6,4,1,0,6
7230,55,1,0,1,1,50611,493,633,98,459,0,24,6,0,4,4,5,7,6,1,10
143,45,0,0,0,0,61209,957,308,73,466,0,224,119,49,99,5,3,4,1,0,7
450,57,1,1,1,1,42315,270,352,90,67,15,80,17,11,80,1,4,4,3,0,4
9316,63,2,1,0,0,13084,29,239,29,2,0,7,3,7,10,1,0,3,1,0,7
6379,66,1,0,1,2,47570,121,396,3,67,1,20,0,2,31,2,2,2,3,0,9
9239,54,1,1,1,2,61923,126,338,94,92,4,18,3,3,6,2,1,4,1,0,5
8315,20,0,0,0,0,34824,23,95,65,4,2,11,2,0,4,1,0,2,1,0,7
2868,66,1,0,1,2,26518,57,447,33,20,1,28,3,3,2,2,0,3,3,0,10
10888,54,0,0,0,0,45938,636,238,46,273,11,178,62,83,29,8,4,6,2,0,14
1277,55,0,1,0,0,78468,1004,81,29,434,22,388,104,22,34,10,7,10,1,1,14
9977,42,0,0,1,1,78901,734,285,99,321,11,309,33,26,34,9,3,5,3,0,13
10196,37,0,1,1,2,71427,614,109,26,212,123,177,15,64,23,8,2,8,2,0,12
6384,37,0,0,1,1,71022,1453,138,30,909,12,278,0,12,242,5,2,11,3,1,13
8029,27,1,0,0,0,90247,1621,61,27,1184,32,352,21,16,16,3,4,7,1,3,4
968,47,1,0,1,1,41335,187,185,24,112,19,21,16,14,5,4,1,4,3,0,11
6988,29,0,1,1,1,71952,1443,535,93,656,80,455,52,107,93,8,4,8,2,2,12
4472,45,1,0,1,1,35682,57,2,34,23,0,8,6,2,18,1,1,3,1,0,3
6991,64,0,0,1,1,43185,637,445,88,537,6,42,16,6,30,9,3,6,2,0,17
3336,67,1,1,1,1,66375,948,220,96,712,0,45,0,0,191,2,4,5,3,1,9
4301,44,1,1,1,1,35178,59,535,10,23,1,13,2,2,18,1,1,2,1,1,8
1940,29,0,1,1,1,25252,18,352,26,1,3,4,2,2,6,1,0,2,1,0,9
1272,50,1,0,1,1,55250,903,616,49,664,58,83,32,0,66,7,5,10,4,0,12
1388,40,0,0,1,1,33249,112,494,11,6,10,21,19,14,42,2,1,3,2,0,8
1044,62,0,1,0,0,58398,596,411,44,299,5,201,21,21,49,5,4,8,3,0,9
6969,33,0,1,1,1,50272,233,326,75,99,13,66,43,8,4,4,1,5,3,0,11
10479,40,1,1,0,0,76618,1511,569,64,749,40,294,121,160,147,3,2,5,1,0,4
3619,55,2,0,0,0,87305,1152,644,19,345,25,501,63,138,80,5,3,8,1,1,7
1715,37,0,1,1,1,25851,48,503,45,9,4,18,7,5,5,2,0,3,2,0,9
10159,45,0,0,1,1,58710,1185,455,77,440,81,368,0,122,174,11,5,9,6,0,17
1463,57,0,0,1,2,45160,21,92,9,8,2,5,3,0,3,1,0,2,1,0,8
5114,50,1,1,1,1,74806,965,557,1,670,9,249,0,28,9,5,4,5,2,0,9
4990,61,0,1,0,0,59111,869,423,90,524,0,134,28,28,155,11,1,8,1,0,18
4329,31,1,1,1,1,18988,16,37,43,6,0,6,2,1,1,1,0,3,2,0,8
10936,50,0,1,0,0,72190,1947,501,79,597,166,597,172,166,249,5,6,4,1,0,8
4692,39,0,1,1,1,7500,71,697,19,7,0,12,13,7,32,4,1,2,5,1,13
7212,49,0,1,1,1,44794,65,21,99,54,0,7,0,0,4,2,0,3,1,0,8
6086,60,0,1,0,0,80395,1380,218,62,445,25,706,80,76,48,6,5,12,1,1,8
437,39,1,0,0,0,75012,1027,155,41,294,142,218,164,58,151,3,8,11,1,0,4
11171,50,1,1,1,3,56962,411,261,60,292,3,77,10,3,26,6,3,5,7,0,13
11101,24,0,1,0,0,89891,836,440,17,412,22,132,59,28,183,11,6,8,1,1,15
5329,66,1,0,1,2,35946,11,275,24,8,0,3,0,0,0,0,0,3,1,0,5
610,62,1,1,1,2,53593,480,691,60,349,4,78,6,0,43,7,2,6,8,0,15
9384,37,0,1,1,2,66373,606,382,57,328,9,124,12,24,109,4,2,10,7,0,7
5956,67,1,0,1,3,45072,284,256,74,144,2,99,7,2,30,6,1,4,5,0,14
10430,42,0,0,1,2,89694,1472,263,22,1126,28,211,37,28,42,4,3,4,3,3,9
7875,66,0,1,0,0,72025,1677,61,46,967,0,617,43,50,0,4,8,13,1,3,6
7072,42,0,1,1,1,67432,1335,457,69,432,79,341,177,136,170,8,5,4,2,0,12
6255,63,1,1,1,1,70545,334,26,29,138,39,63,55,18,21,4,1,7,1,0,6
6516,26,2,1,1,1,17487,18,468,37,0,0,1,7,4,6,1,0,2,1,0,8
5564,46,0,1,1,1,62882,1338,689,26,509,133,497,78,24,97,7,5,6,2,0,11
5682,62,1,0,1,1,64108,1099,463,8,948,10,86,13,21,21,6,9,11,4,0,11
7458,59,1,1,1,2,34941,97,480,26,39,2,25,4,3,24,3,0,3,2,0,11
5237,65,1,0,1,3,48767,63,179,79,28,1,21,3,0,10,2,1,3,3,0,7
7761,37,2,1,1,1,38702,109,332,71,13,11,24,13,8,40,3,0,4,2,0,9
5278,51,0,1,0,0,82224,902,155,83,307,26,360,138,31,40,6,9,5,1,1,9
3560,63,0,1,0,0,83844,1574,413,57,901,31,345,75,31,191,4,4,11,1,1,5
7235,40,2,1,1,1,17003,38,202,37,2,5,12,4,8,7,2,0,4,3,0,7
10548,20,0,0,0,0,71163,960,112,30,283,17,372,138,106,44,3,8,12,1,0,4
2281,45,0,0,1,1,33697,28,287,34,4,3,7,0,3,11,1,0,2,1,1,8
4073,61,2,1,0,0,63564,1215,151,0,769,80,252,15,34,65,10,10,7,1,1,16
6974,43,1,1,0,0,83443,1497,180,89,518,42,742,55,56,84,6,10,5,1,0,8
7938,57,1,1,1,1,51518,449,269,92,350,8,66,17,4,4,3,2,10,2,0,6
7094,40,0,0,1,1,58330,1064,186,87,445,53,213,104,98,151,6,4,13,1,0,10
3667,46,0,1,0,0,80952,1757,486,20,778,178,689,41,27,44,8,5,11,1,3,16
7723,36,0,1,0,0,75507,1440,58,56,709,93,374,104,80,80,8,6,6,1,0,11
3870,37,2,1,0,0,63855,1006,505,28,359,35,314,93,116,89,7,3,13,1,0,11
4012,43,1,1,1,1,62220,1226,687,55,799,12,375,16,12,12,7,6,5,5,0,13
5909,51,0,1,1,1,58512,1171,283,25,895,10,101,13,0,152,3,4,8,5,0,11
10470,36,1,1,1,1,40662,92,471,0,40,2,23,0,4,23,2,1,3,2,0,6
6488,56,1,1,1,1,38829,99,84,86,76,0,7,0,0,16,3,2,2,1,0,8
10270,34,2,1,1,1,35523,66,269,8,11,5,22,12,5,11,3,0,3,2,0,10
6887,48,0,0,1,2,79146,564,66,33,245,16,223,21,43,16,8,1,8,2,0,14
6406,27,1,1,0,0,78285,1427,244,13,647,107,391,175,67,40,6,4,10,1,0,9
7573,37,1,0,1,1,31626,86,415,12,39,1,9,2,1,34,2,1,2,1,1,9
4508,63,0,0,0,0,75127,833,38,92,203,35,305,46,17,227,2,11,5,1,0,3
221,60,0,1,1,1,48726,242,428,90,138,3,38,4,0,59,3,2,4,3,0,9
5331,38,0,1,0,0,74985,1869,656,8,587,51,898,247,0,86,3,6,7,1,0,5
1911,28,0,1,0,0,67430,1364,662,6,595,97,291,127,133,121,11,5,12,1,0,17
20,50,2,1,1,1,46891,183,301,91,43,12,23,29,15,61,2,1,4,1,0,6
8786,59,1,1,1,1,62058,450,399,52,301,7,74,10,0,58,6,1,7,4,0,12
10582,36,0,1,1,1,72063,758,361,3,180,32,348,76,32,90,5,2,12,2,0,7
1915,64,1,1,0,0,78939,1507,199,57,794,115,243,150,0,205,8,5,6,1,0,11
8897,50,0,0,1,2,42720,654,431,9,392,5,91,28,26,112,7,3,7,8,0,15
2371,43,0,1,1,2,33622,81,442,22,39,1,22,3,4,12,2,0,4,3,0,9
4303,58,1,1,1,1,6835,137,568,76,107,2,12,2,2,12,0,0,1,0,0,20
6825,62,0,1,1,2,41452,16,480,86,13,0,3,0,0,0,1,0,2,1,0,8
1072,50,1,0,1,1,40760,93,303,64,70,0,17,0,0,6,2,1,3,2,0,8
4964,57,1,1,0,0,74250,1158,154,90,680,11,392,75,0,0,2,11,4,1,0,3
2461,60,1,0,1,2,51124,43,193,79,26,1,11,0,1,4,1,0,3,2,0,4
10736,44,0,0,1,1,72258,1525,290,28,522,0,522,227,120,134,6,9,5,2,0,8
3194,41,1,0,0,0,71466,1230,85,86,412,12,546,78,182,0,4,4,10,1,0,5
10839,39,0,1,1,2,36283,29,76,42,6,5,5,8,0,5,1,0,3,2,0,5
49,45,0,0,1,1,20587,25,49,39,2,3,6,4,1,9,1,1,2,1,0,8
4290,43,0,1,1,1,30467,24,102,8,1,3,8,2,5,5,1,0,2,1,0,8
10219,43,0,1,1,1,31590,38,376,40,6,2,15,6,6,3,1,0,3,1,0,9
4211,29,2,1,1,1,20425,57,608,5,4,12,5,3,16,17,2,0,3,2,0,9
1135,55,1,1,1,2,17144,47,134,96,18,2,19,0,2,6,3,0,4,5,0,10
6299,47,1,0,1,1,42564,813,543,28,324,48,186,39,18,198,6,8,4,6,1,13
10846,37,1,1,1,1,43783,629,31,22,327,9,125,25,4,139,7,1,8,6,1,14
347,39,0,0,1,1,40780,377,659,30,229,27,71,13,3,34,7,1,5,4,0,16
6543,70,1,1,0,0,62847,1612,530,45,521,168,706,80,76,61,3,6,4,1,0,5
10446,58,1,1,0,0,82017,729,599,58,184,23,446,30,23,23,5,4,7,1,3,7
3479,65,0,0,0,0,16813,50,345,49,4,8,11,12,2,13,2,0,3,1,1,9
11075,37,0,1,1,2,51267,270,243,37,183,2,64,7,2,12,3,3,5,4,0,7
4442,54,0,0,1,1,46524,177,450,70,31,19,35,26,14,52,1,1,5,2,0,4
199,53,1,0,0,0,45183,315,525,33,219,3,60,12,9,12,4,1,7,1,1,11
6722,61,1,1,1,1,70421,767,1,98,479,28,136,75,14,35,10,3,7,3,0,16
796,50,2,0,1,1,60161,1071,614,17,584,44,212,46,8,177,11,4,8,3,0,19
3749,42,0,1,0,0,73926,1580,484,54,627,91,597,159,91,15,6,5,12,1,0,9
8523,47,0,1,1,1,19329,60,197,39,24,1,16,12,2,5,4,0,3,3,0,12
310,45,1,1,1,1,61872,573,198,81,330,5,159,36,27,16,4,4,9,4,0,8
8629,59,0,0,1,2,46984,41,460,71,19,1,10,2,1,8,1,0,3,1,0,6
236,64,0,1,1,2,34838,170,526,62,28,23,29,29,14,47,2,1,4,3,0,8
9930,71,1,0,0,0,82716,1167,236,8,606,148,228,15,148,22,6,8,13,1,0,8
3483,57,0,1,0,0,48192,1526,449,76,1039,43,204,153,58,29,2,8,12,3,3,10
4599,39,1,1,1,2,49681,458,237,66,411,0,26,0,0,21,7,1,7,6,0,14
7326,44,1,1,1,1,56850,63,98,83,34,1,19,2,7,0,1,1,3,1,0,3
7352,58,0,1,1,1,55267,405,251,28,161,28,136,32,3,45,3,4,6,4,0,6
2350,43,0,1,1,2,59666,1027,464,87,623,53,178,23,17,133,3,2,8,7,1,11
9145,43,0,0,1,1,72504,1478,449,43,604,26,470,123,161,94,5,9,6,2,0,7
2964,34,0,1,0,0,26872,72,256,0,3,10,8,3,16,32,1,1,2,1,0,7
5585,43,0,0,1,1,21359,48,435,1,12,2,17,6,1,10,2,0,3,2,0,10
9687,40,0,0,0,0,73170,726,29,1,184,174,256,50,30,32,5,4,6,1,0,7
3732,60,1,1,1,1,52750,860,510,72,393,0,239,90,69,69,5,7,9,6,0,9
6303,29,1,1,0,0,91820,1497,218,72,410,73,747,76,161,30,5,5,12,0,0,6
11176,45,1,1,1,1,65968,495,48,12,376,9,83,19,4,4,5,4,7,2,0,8
2986,39,0,1,1,2,30772,20,109,89,7,2,4,2,1,4,1,0,2,1,0,7
7462,61,0,0,0,0,22507,570,582,67,68,0,226,51,157,68,10,2,4,3,0,19
3900,43,0,1,1,1,65685,769,92,54,642,14,49,0,7,57,9,2,9,1,0,14
7034,37,2,1,1,1,25804,55,301,34,8,7,9,13,6,12,2,0,3,2,0,10
9493,35,1,0,0,0,76412,1808,420,15,840,53,804,23,71,17,5,4,8,1,2,8
1143,43,0,1,1,1,22063,55,325,43,7,10,13,3,11,11,2,0,3,2,0,9
1,54,0,0,0,0,57091,577,14,0,464,5,64,7,0,37,7,3,7,1,1,12
3855,52,0,1,0,0,22419,162,437,74,30,3,47,19,21,42,3,2,2,1,0,11
5536,56,0,1,1,1,87771,1957,403,61,1492,38,287,50,57,33,5,10,4,1,4,11
5989,56,2,0,1,1,78353,1576,439,51,752,122,476,39,153,34,10,2,11,1,0,18
9499,61,0,1,1,3,93404,1616,418,97,1279,15,287,20,0,15,3,4,7,3,2,8
6768,53,0,0,1,3,37859,36,533,75,22,1,8,2,1,2,1,0,3,2,0,9
2150,57,1,0,1,1,80995,1482,414,83,860,28,409,73,56,56,8,9,4,1,0,12
6646,31,0,1,1,1,16529,22,120,23,3,0,5,13,0,1,1,0,3,1,0,7
4887,39,1,0,1,2,55412,63,219,65,10,5,28,11,1,8,2,0,3,1,0,7
8560,23,0,0,0,0,48789,680,657,94,351,16,156,7,5,145,6,4,7,1,0,12
3321,48,1,1,1,2,56575,542,420,42,421,5,90,0,16,10,7,3,7,3,0,12
11003,35,2,1,1,1,25130,50,270,10,2,5,7,0,18,18,2,0,3,2,0,9
10402,48,0,1,1,2,35441,39,500,94,25,1,9,2,1,1,1,0,3,2,0,9
9904,59,0,1,1,1,71391,1043,457,50,336,123,274,46,123,141,6,5,12,5,0,9
6141,43,1,0,1,1,49494,385,430,46,191,9,97,0,6,82,6,1,5,2,0,13
5687,35,0,0,0,0,81702,1633,644,98,563,50,774,28,31,187,7,7,12,1,0,10
10856,35,2,0,1,1,45889,46,362,42,31,0,6,0,1,8,1,0,3,1,0,7
5121,38,0,0,1,1,56628,761,100,30,479,5,82,7,17,171,7,6,5,2,1,12
4186,65,0,1,1,2,34026,76,328,11,18,6,15,12,8,17,2,1,3,3,0,7
368,41,0,1,1,1,40049,290,577,61,91,65,52,10,44,28,3,2,6,3,0,8
3312,27,0,0,1,1,34176,89,48,12,5,7,24,19,14,20,3,0,4,4,0,9
11121,34,0,1,1,1,19419,70,596,76,2,14,28,16,3,7,4,0,3,4,0,13
5332,55,2,1,0,0,82504,1066,337,2,362,50,431,134,35,54,3,6,7,1,0,4
5848,45,0,1,0,0,81205,2009,167,43,724,74,929,97,55,130,5,6,7,1,3,7
10343,24,2,0,0,0,61618,1345,638,27,605,91,399,0,45,205,3,6,8,2,0,6
5935,59,1,0,1,1,55284,764,552,60,547,7,140,0,7,63,7,5,8,3,0,12
2895,52,0,0,1,1,49980,195,249,79,104,1,54,13,9,14,3,1,5,2,0,8
10262,35,0,1,1,2,15072,53,415,96,8,2,15,0,10,18,3,1,3,4,0,8
7848,41,0,0,1,1,49166,368,381,17,224,2,25,7,0,110,5,3,3,2,0,11
9477,61,1,1,1,1,65324,544,169,0,384,0,102,21,32,5,6,2,9,3,0,10
4856,58,2,1,0,0,82347,1853,600,38,556,54,845,202,133,63,7,7,10,1,2,10
7186,49,1,1,1,2,30843,35,34,43,24,0,2,0,0,9,1,1,2,2,1,6
5794,41,1,1,1,1,46374,446,104,1,408,0,21,0,0,17,7,1,7,3,2,15
1456,36,0,0,1,1,60474,1180,454,25,265,199,303,234,9,170,10,2,12,7,0,17
4877,42,1,1,1,1,38576,41,117,2,34,0,7,0,0,0,1,0,3,1,0,8
425,30,0,1,1,2,55357,727,495,66,374,64,116,84,25,64,6,2,11,3,0,11
3007,49,0,1,1,2,37758,40,633,49,27,2,10,0,0,1,1,0,3,2,0,9
1031,26,2,1,0,0,85710,1062,420,5,600,20,350,29,30,33,6,9,10,1,1,8
4297,46,0,1,1,1,23228,40,154,71,13,2,18,6,1,0,2,0,3,2,0,10
807,46,1,1,1,2,44602,292,134,35,167,2,89,0,0,34,6,1,4,6,0,14
9553,28,0,1,0,0,7500,15,536,94,0,2,3,4,1,5,0,0,3,1,0,6
4271,26,2,1,1,1,38683,341,633,80,46,35,69,84,41,66,4,1,6,6,0,11
4120,40,2,0,1,1,49514,369,194,61,88,39,78,58,13,93,6,1,4,2,0,13
2036,42,1,1,1,1,57906,401,383,29,243,11,119,10,3,15,4,2,8,3,0,8
115,49,1,0,1,1,43456,393,460,0,275,11,68,25,7,7,5,1,8,3,0,10
4259,29,1,0,1,2,19485,10,278,80,6,0,4,0,0,0,1,0,2,1,0,8
8687,37,0,1,1,1,53172,486,419,54,121,62,90,68,20,125,2,3,8,3,0,5
2447,36,0,1,1,1,30545,69,620,71,4,12,15,19,7,12,2,0,3,2,0,9
10140,32,1,1,0,0,70123,1727,274,27,1308,0,396,23,0,0,5,7,4,1,2,8
9353,56,0,0,1,1,62450,995,174,61,515,47,267,62,66,38,5,5,4,2,1,8
3623,39,0,1,1,1,21675,45,18,55,4,0,16,17,4,4,4,0,3,3,0,11
738,34,2,0,1,2,42395,182,86,35,48,13,57,24,15,25,3,1,4,4,0,10
7631,37,1,1,1,1,61346,989,266,34,562,58,168,43,16,142,5,7,10,1,0,8
4789,62,0,1,0,0,80812,1677,285,95,769,22,500,210,143,33,4,8,5,1,3,6
773,44,1,0,1,2,42835,595,364,64,379,4,93,12,9,98,6,6,4,7,0,12
10602,32,0,1,1,1,39922,156,500,30,29,12,59,19,1,36,3,0,4,2,0,11
1446,59,1,0,0,0,86424,1226,85,12,387,68,569,89,45,68,6,9,12,1,0,7
3270,37,2,1,1,1,17117,128,528,96,12,23,38,30,18,7,3,1,3,4,0,12
8443,43,0,0,1,1,24762,86,139,16,6,10,12,3,15,40,3,1,2,3,1,11
9653,40,0,1,1,1,35797,68,621,16,27,1,14,4,1,21,2,0,3,2,0,10
8916,40,0,0,1,2,36627,16,341,78,9,1,5,0,0,1,0,0,3,1,0,5
8017,34,2,1,1,2,51111,55,10,83,22,0,19,6,5,3,2,0,3,2,0,8
5830,43,1,0,0,0,86857,2114,655,96,899,102,838,133,102,40,5,6,10,1,0,7
4597,45,1,1,0,0,82072,2018,362,67,889,55,685,168,92,129,3,2,13,1,0,4
7023,62,1,0,1,3,46231,263,580,87,189,2,55,0,5,12,6,1,4,4,0,15
8086,56,0,1,1,2,42243,55,200,34,48,0,2,0,0,5,2,0,3,2,0,9
8825,53,0,1,1,2,51195,564,454,46,230,14,156,82,24,58,9,2,5,8,0,17
2930,37,1,0,0,0,68092,1281,195,7,852,60,207,78,36,48,2,6,10,2,0,7
1928,42,0,1,1,1,31814,83,505,73,35,3,20,4,1,20,2,0,3,2,1,11
7108,50,1,0,1,2,51390,353,659,54,205,20,47,23,2,56,5,2,5,6,0,10
10925,32,0,1,0,0,76630,1003,166,93,255,31,446,40,56,175,3,10,11,1,0,4
9960,24,2,0,1,1,26868,14,60,52,0,0,1,8,3,2,1,0,2,1,0,8
8800,72,1,0,0,0,48948,902,513,53,437,8,206,160,49,42,7,10,5,2,1,13
9224,43,1,0,1,1,55260,1139,564,81,825,8,53,11,0,242,8,10,5,2,0,14
5519,59,0,1,1,1,64090,797,326,8,316,58,161,76,51,135,6,9,4,1,0,11
5046,57,0,0,1,1,78331,1638,157,97,756,138,354,160,169,61,10,6,7,2,0,14
7037,41,1,1,1,1,37087,401,322,50,194,55,134,15,0,3,4,2,8,3,0,10
905,29,0,0,1,1,21846,84,250,38,7,17,18,6,10,26,4,0,3,4,0,12
8624,57,0,1,0,0,81320,928,508,61,183,33,493,59,103,57,4,3,10,1,0,6
8945,45,0,0,1,1,54137,203,317,46,171,0,11,0,1,20,4,1,4,2,0,10
6445,48,0,1,0,0,66825,858,350,73,243,101,405,29,40,40,4,5,6,1,0,6
2727,42,0,1,0,0,57100,409,207,19,181,21,69,39,3,96,3,3,6,1,0,6
6404,46,0,1,1,3,58917,282,462,10,151,7,89,0,7,28,4,1,6,5,0,9
11074,38,0,0,0,0,85072,1423,81,94,494,92,391,194,11,241,3,4,10,1,0,3
10150,54,0,0,0,0,86429,1449,220,10,464,28,873,29,18,37,7,4,7,0,1,9
1968,44,0,0,1,1,45684,28,209,37,5,1,5,10,0,7,1,0,2,1,0,8
6534,41,0,1,1,1,47889,67,176,94,29,0,29,0,5,4,2,0,3,1,0,7
9485,29,1,1,0,0,45921,199,111,23,102,9,49,24,3,12,2,1,6,1,0,6
7053,49,1,0,0,0,78420,1453,365,75,604,28,674,91,28,28,3,10,8,1,0,4
4654,23,0,1,0,0,75114,1253,234,40,571,12,523,63,60,24,3,10,5,1,0,5
9760,52,1,0,1,1,52278,1198,520,24,953,0,71,0,0,174,10,5,10,6,0,18
1048,43,1,1,1,1,35641,178,350,11,63,3,67,8,9,28,3,1,4,2,0,10
10619,21,0,0,0,0,95529,1990,573,29,770,29,890,250,27,24,7,3,7,1,1,10
9308,61,0,1,0,0,62820,976,414,51,398,61,265,138,61,53,3,4,6,1,0,4
10505,55,1,1,0,0,73113,1001,185,86,741,19,154,50,9,28,3,4,7,1,0,5
8362,33,1,1,0,0,84169,1919,326,9,1478,19,403,0,19,0,7,6,6,1,2,10
2625,61,2,0,1,1,42607,350,224,30,156,29,56,30,32,47,3,2,7,2,0,6
4637,61,1,0,0,0,74637,1650,407,73,960,64,464,146,0,16,6,9,9,1,1,9
9972,60,1,1,1,2,46015,46,77,25,38,0,2,0,0,6,1,0,3,1,2,8
4483,22,0,0,0,0,72354,1228,438,67,315,26,473,220,12,182,2,10,6,1,0,3
4487,46,1,0,1,1,39858,95,521,67,15,20,25,2,7,26,2,0,4,1,0,8
4988,67,1,1,1,2,34469,62,56,58,19,6,20,0,5,12,1,1,4,3,0,5
8931,29,0,1,1,1,83033,1761,42,82,812,99,431,237,149,33,11,4,10,1,1,16
5871,36,1,1,0,0,24401,467,667,98,73,28,217,10,24,115,6,1,6,3,0,14
2008,37,0,1,0,0,77583,1149,139,93,372,23,384,250,12,108,4,5,9,1,1,6
3139,33,2,0,0,0,74116,2052,181,53,871,111,704,145,55,166,4,4,10,1,1,6
10037,22,0,0,0,0,74293,1127,56,66,375,152,335,93,91,81,5,4,6,1,0,7
10673,39,1,1,1,1,68397,1416,224,6,760,80,466,17,13,80,6,9,5,1,0,9
5303,41,1,1,0,0,79632,1113,82,42,471,0,510,99,21,12,6,4,9,1,0,8
538,26,0,0,1,1,46107,125,139,78,31,9,27,16,9,33,1,1,4,1,0,4
7922,64,1,0,1,1,64950,966,686,29,819,0,72,12,0,63,11,2,10,2,1,18
5692,26,2,1,1,1,25443,32,554,82,1,4,3,8,9,7,1,0,3,1,0,9
4843,63,0,0,0,0,75127,833,38,92,203,35,305,46,17,227,2,11,5,1,0,3
6383,44,1,1,1,1,32892,46,35,78,26,0,15,2,1,2,3,0,3,2,0,11
1628,44,0,1,0,0,71796,960,248,54,354,21,311,167,75,32,9,3,4,1,0,13
1204,45,1,1,1,1,67536,1829,403,45,1253,0,447,23,71,35,11,5,11,3,1,19
3673,44,0,0,1,1,55239,779,350,59,371,17,238,23,24,106,7,5,11,3,0,12
760,40,1,0,1,1,60554,811,324,8,588,7,76,110,15,15,8,4,9,2,0,14
8957,63,2,0,1,2,64831,1120,384,51,480,86,249,75,86,144,6,3,5,8,0,12
4128,53,1,1,1,1,56067,725,344,51,517,12,54,16,6,120,7,4,7,2,0,12
6810,32,0,0,0,0,82025,1187,397,76,267,98,606,48,70,98,3,2,6,1,1,4
5386,62,0,1,0,0,94384,2302,482,62,1111,24,790,160,45,172,5,8,5,0,3,7
8700,29,2,0,0,0,14906,66,554,86,7,7,14,7,16,15,2,1,3,3,0,9
3202,28,1,1,0,0,51563,1250,636,60,1166,0,48,0,0,36,4,4,10,1,2,12
1328,33,2,1,1,1,57937,683,133,56,261,42,144,55,48,133,4,4,9,3,0,7
8405,36,0,0,1,2,68274,305,272,83,135,25,51,23,25,46,4,2,5,2,0,7
6515,38,0,1,1,1,39771,50,205,92,6,2,18,2,8,14,2,0,3,1,0,6
2882,40,2,0,1,1,67893,995,636,31,711,28,142,49,18,47,3,2,9,2,0,11
7574,36,1,1,1,1,27922,41,50,80,11,0,13,2,4,11,2,0,3,1,0,6
6387,39,1,1,1,2,52190,77,52,39,42,0,17,0,0,18,2,1,3,3,1,7
5320,42,1,0,1,2,44051,171,516,20,79,7,58,6,3,18,3,1,4,4,0,9
5048,44,1,0,1,2,42767,131,414,53,20,6,43,19,5,38,3,1,2,1,0,11
8146,39,1,1,1,2,46106,54,49,84,30,0,8,2,0,14,1,1,2,1,0,7
10031,39,1,1,1,2,16927,53,504,50,20,2,23,3,1,4,3,0,4,5,0,11
5748,50,0,1,1,1,59754,475,575,96,115,27,44,4,146,139,5,2,6,3,0,10
2134,63,0,0,1,1,53700,694,681,94,263,5,233,69,41,83,5,5,8,4,0,10
1523,42,0,1,1,2,59041,96,53,25,69,2,15,2,2,6,2,0,4,2,0,7
9665,58,1,0,1,1,54237,361,428,48,267,3,30,4,0,57,5,2,5,4,0,11
4640,48,0,0,1,1,70647,1079,646,65,561,85,171,25,123,114,4,7,13,2,0,6
3635,53,1,0,1,1,52597,578,53,69,492,0,37,7,0,42,6,3,8,3,0,11
3547,46,1,1,1,1,41021,64,546,12,14,7,9,6,16,12,2,0,3,2,0,8
2456,40,1,1,1,1,40233,149,258,84,80,4,46,0,17,2,2,1,5,5,0,8
5633,35,0,1,1,2,50183,231,4,47,97,12,84,13,10,15,3,1,6,7,0,8
7801,56,0,1,1,1,54753,728,290,87,197,107,227,7,59,131,5,2,11,3,0,9
10489,42,0,1,0,0,92955,1778,314,35,693,21,925,31,24,84,6,7,9,1,2,8
7011,42,0,1,1,1,33471,93,625,47,43,2,27,0,9,12,3,0,4,3,0,10
2620,41,1,1,1,1,34596,23,442,48,14,0,2,0,0,7,1,0,2,1,0,9
3933,35,0,1,1,1,44010,662,624,46,186,36,234,86,72,48,10,2,6,6,0,19
10981,27,0,1,0,0,84219,1198,147,27,434,137,400,45,137,45,3,4,10,1,0,4
1734,47,1,1,1,3,40706,81,528,37,59,0,11,4,2,5,3,0,4,4,0,10
10995,27,2,1,1,1,15716,92,594,8,16,5,30,8,7,26,3,0,4,3,0,11
6357,56,2,0,1,1,59052,491,224,29,230,35,75,63,57,31,7,1,7,3,0,12
9209,44,1,1,0,0,80573,1564,623,85,829,138,430,60,92,15,4,6,13,1,0,6
10286,53,0,1,0,0,83715,926,146,2,318,8,407,150,35,8,2,8,13,1,0,2
2611,56,1,1,0,0,82576,1910,697,66,1206,55,445,168,18,18,2,4,12,1,1,3
1600,50,1,1,1,3,56962,411,261,60,292,3,77,10,3,26,6,3,5,7,0,13
3308,63,0,1,1,2,35704,94,177,54,30,9,12,2,11,30,2,0,4,3,0,6
5407,61,0,1,1,1,53103,1085,290,70,729,17,133,11,0,195,10,6,7,5,1,17
2166,55,2,0,1,2,46779,23,352,55,12,1,3,0,0,7,0,1,2,1,0,4
3955,50,0,0,0,0,4861,6,7,20,2,1,1,1,0,1,0,0,0,0,0,14
6634,36,1,0,1,1,33462,54,326,78,22,3,18,0,0,11,2,0,3,1,0,9
3056,37,0,0,1,1,63693,1150,258,63,587,43,337,42,87,54,11,6,9,3,0,17
5718,65,0,1,0,0,80763,1415,318,17,674,168,108,192,42,231,5,11,6,1,2,8
6872,41,1,1,1,1,65352,405,312,43,284,3,84,4,7,23,4,2,8,2,0,8
8164,37,1,1,0,0,82170,1908,216,13,1023,93,651,49,55,37,5,6,7,1,0,7
4580,46,0,1,0,0,75759,2486,247,46,1394,22,708,89,91,182,9,7,9,1,3,14
9305,39,2,0,0,0,79689,1315,413,65,311,26,640,180,37,121,4,9,13,1,0,6
453,59,1,0,1,2,35340,45,0,1,27,0,12,0,1,5,2,0,3,2,0,7
8545,61,0,0,0,0,85683,1789,100,6,1296,17,311,45,69,51,2,4,10,1,4,3
9850,43,2,1,1,1,24884,19,577,32,3,6,7,0,0,3,0,0,3,1,0,7
7378,34,1,1,1,1,42021,573,667,34,393,5,136,7,5,27,10,1,6,5,1,19
7646,26,0,0,1,1,64449,805,131,70,218,63,282,137,35,70,5,3,12,4,0,9
1640,61,0,0,1,2,64587,108,7,49,66,0,16,0,6,20,1,1,4,2,0,4
5184,20,0,0,0,0,34824,23,95,65,4,2,11,2,0,4,1,0,2,1,0,7
8492,37,0,1,0,0,75437,1493,232,25,795,0,545,95,58,0,8,4,10,1,1,14
11188,58,0,1,1,2,26091,89,124,84,15,10,19,8,17,20,2,1,3,3,0,7
1212,42,0,1,1,1,52845,936,320,7,384,25,292,130,41,64,8,8,6,3,1,14
9097,59,0,0,1,1,46086,343,238,34,244,8,32,7,2,50,3,1,8,4,0,7
10473,59,1,0,1,1,78028,528,657,38,158,19,288,25,0,38,6,4,9,1,2,13
7962,28,1,0,0,0,95169,1901,263,1,1285,21,449,106,20,20,4,3,4,1,2,5
9984,34,2,1,1,2,56337,724,459,25,349,16,144,28,5,182,8,5,4,5,2,16
5527,28,0,1,1,1,22434,58,501,25,4,12,11,3,13,15,2,0,3,2,0,10
6374,61,1,1,1,1,36930,297,408,50,223,2,31,0,2,39,5,2,4,5,0,13
7453,61,0,0,1,1,36130,488,512,46,157,43,127,68,56,37,3,8,4,6,1,7
8952,62,1,1,1,1,65569,859,601,96,397,46,288,20,38,70,6,5,10,2,0,9
241,63,0,1,0,0,83844,1574,413,57,901,31,345,75,31,191,4,4,11,1,1,5
8975,47,0,1,1,2,19514,69,154,47,14,3,21,2,1,28,3,1,2,4,1,11
6119,52,1,0,1,2,36736,17,415,52,10,0,3,0,0,4,1,0,2,1,0,7
5236,36,0,1,1,1,77568,2194,673,30,1230,0,396,232,178,158,10,2,8,1,3,15
5723,39,1,1,1,1,49187,116,169,63,81,1,31,2,1,0,1,1,5,1,0,3
1710,37,0,0,1,1,30168,279,479,51,154,20,66,0,12,27,6,1,4,7,0,15
1970,47,1,1,1,1,34053,103,657,14,63,0,21,7,0,12,3,0,3,1,0,11
5313,44,1,1,1,2,38196,44,72,20,30,0,11,0,0,3,2,0,4,3,0,7
10634,64,1,1,0,0,59412,406,71,56,90,67,165,30,43,11,4,2,8,1,0,7
7010,50,2,1,0,0,70924,1363,83,41,635,114,254,132,152,76,6,6,7,1,1,9
8562,46,0,1,0,0,54165,236,397,72,127,4,73,15,6,11,2,1,7,1,0,4
3158,42,0,1,1,1,32300,39,542,1,13,3,6,6,5,6,1,0,3,1,0,9
4436,39,0,0,0,0,20180,137,494,27,18,42,24,15,20,18,2,1,4,1,0,9
5287,42,0,1,1,1,34961,79,10,77,45,2,26,4,1,1,3,1,3,3,0,10
2445,41,1,1,1,1,28440,63,357,87,38,1,24,0,0,0,2,0,3,1,0,10
6059,62,1,1,1,3,64504,1314,482,81,986,36,168,16,0,108,11,3,4,7,0,18
4550,49,1,1,1,1,33564,71,5,51,61,0,3,0,0,7,1,1,3,1,0,6
4240,37,0,1,1,1,17345,58,603,79,4,9,16,17,0,12,2,1,2,2,0,10
8911,48,1,1,1,1,56320,702,447,11,201,53,172,116,77,83,5,4,9,3,0,9
3706,37,0,0,1,1,28647,94,312,54,19,8,29,0,12,26,2,2,2,1,1,9
3628,28,2,0,1,1,15038,80,516,93,4,8,11,19,12,26,2,1,2,2,0,11
10175,57,1,0,1,1,32173,22,332,0,18,0,2,0,0,2,1,0,3,1,0,5
8985,51,2,1,1,1,68316,1211,602,54,806,80,161,120,11,33,10,7,10,5,0,16
5204,44,0,1,0,0,74538,1461,365,21,380,98,733,110,112,28,8,8,5,1,1,11
9220,44,0,0,0,0,91700,1968,528,58,576,172,961,125,115,19,8,6,5,1,0,11
9888,46,0,1,0,0,68695,1091,4,3,458,81,356,106,50,40,4,4,7,1,0,6
5263,38,2,1,1,1,31056,55,523,99,5,10,13,3,8,16,1,0,3,1,0,9
1020,42,0,1,0,0,79593,1366,48,70,350,60,568,110,133,145,5,6,7,1,1,7
9503,35,0,0,0,0,28071,313,669,65,39,33,130,41,26,44,5,1,5,2,0,13
10613,57,1,1,1,2,37334,62,123,44,26,1,16,2,2,15,3,0,4,4,0,7
67,43,1,0,1,2,46423,92,284,6,68,0,16,0,0,8,2,0,4,3,0,9
6019,44,1,1,1,1,37126,72,91,9,45,3,9,4,4,7,1,2,2,1,1,7
5863,62,0,1,1,1,47703,655,396,95,359,0,134,13,26,123,6,3,8,4,0,11
3717,56,0,1,1,1,61180,704,67,70,403,24,29,6,24,218,5,5,6,2,1,8
6730,61,0,1,1,2,38998,54,603,92,34,1,14,0,0,5,2,0,3,3,0,10
10749,24,0,0,0,0,8028,178,649,62,73,18,66,7,12,2,0,1,0,15,0,19
4998,53,0,1,0,0,76081,1033,37,85,292,30,415,63,33,200,4,5,4,1,1,6
6287,29,0,1,1,1,34728,36,334,2,14,0,16,0,0,6,1,1,2,1,0,7
5985,50,1,0,1,1,33168,122,624,0,80,1,37,0,1,3,2,1,4,3,0,9
4754,49,1,1,1,1,33585,122,277,91,30,11,33,13,6,29,2,0,4,1,0,6
4002,55,1,1,1,1,77037,1123,259,3,463,96,333,168,53,10,7,7,12,1,0,10
8870,31,0,1,1,1,35196,497,593,68,75,12,141,43,39,187,6,1,5,6,0,14
966,49,0,1,1,1,44529,691,359,98,538,13,91,17,6,26,6,2,11,6,1,11
4767,50,2,1,0,0,70924,1363,83,41,635,114,254,132,152,76,6,6,7,1,1,9
9725,49,1,1,1,2,28764,12,24,16,8,0,3,0,0,1,1,0,2,1,1,9
4475,66,1,1,0,0,69098,2440,498,82,1315,22,780,145,0,178,7,8,9,1,0,12
5740,45,2,0,1,2,25959,56,500,1,4,2,12,7,5,26,1,2,2,2,0,7
5731,32,1,1,1,1,27100,37,450,64,12,0,13,2,0,10,1,0,3,1,0,8
7290,30,0,0,0,0,70596,968,632,68,347,44,534,17,0,26,3,5,12,1,0,5
3846,41,0,1,1,1,42557,270,669,98,192,5,53,0,5,15,6,1,4,4,0,14
8104,64,1,1,0,0,53312,278,324,32,241,0,12,0,0,25,5,1,5,1,0,12
4507,63,0,0,0,0,72228,1250,579,87,631,28,491,30,14,56,6,7,8,1,0,9
11013,28,0,1,0,0,67605,938,455,84,336,28,282,184,54,54,2,8,6,1,0,3
4491,66,1,1,1,2,62845,1178,636,3,1099,0,45,0,0,34,3,4,10,11,1,11
3759,57,0,1,1,2,65196,1155,339,34,743,19,181,12,0,200,7,6,11,2,1,12
1162,28,1,0,0,0,42000,653,535,23,124,83,267,85,59,35,5,2,11,2,0,10
2055,42,1,0,1,2,35860,49,41,37,15,0,8,4,2,20,1,1,2,2,1,6
10766,51,1,1,1,1,65526,506,79,22,397,19,69,12,0,9,4,4,8,1,0,6
4415,54,0,1,1,2,16860,38,655,19,10,4,4,3,3,14,1,1,3,3,0,8
3005,23,0,0,0,0,83528,1650,59,7,530,117,678,134,44,147,4,10,8,1,2,5
2223,50,2,0,1,1,64176,1826,695,52,1215,33,249,64,116,149,8,9,8,8,0,14
4817,59,0,0,0,0,22304,18,694,91,3,2,7,0,4,2,1,0,2,1,0,9
2875,37,0,1,0,0,67023,906,117,93,444,44,382,11,8,17,3,7,13,1,0,5
10536,44,1,1,1,1,32892,46,35,78,26,0,15,2,1,2,3,0,3,2,0,11
11112,49,0,1,1,1,70713,1477,573,23,736,114,279,82,76,190,5,6,8,6,0,8
3807,60,0,1,1,1,59925,766,576,83,473,21,176,19,21,56,9,2,9,3,0,15
9197,62,0,1,1,1,39722,47,125,92,32,0,5,2,0,8,2,0,3,2,0,7
10832,57,0,1,0,0,46610,467,346,4,288,10,30,4,10,125,6,1,6,1,0,12
6421,54,0,1,0,0,88347,2116,361,32,1050,178,555,77,138,118,4,7,9,1,1,5
4207,34,1,1,0,0,87171,1298,424,27,1001,44,107,58,44,44,6,7,11,1,2,8
577,39,2,1,1,2,26907,22,313,10,9,1,7,0,3,2,1,0,3,2,0,8
10855,47,1,0,1,1,50014,396,158,9,234,14,77,19,10,42,4,1,8,2,0,9
3081,37,1,1,1,1,41014,20,433,65,7,2,6,2,0,3,1,0,2,1,0,8
3535,50,0,0,0,0,66294,967,104,68,251,108,334,65,92,117,4,3,5,1,0,6
247,44,0,1,1,1,36715,357,589,16,172,10,125,21,13,16,7,2,4,6,0,16
8707,59,0,1,0,0,79456,1401,676,12,565,42,548,64,83,99,5,6,4,1,0,8
9523,33,0,1,1,1,40479,15,316,95,5,0,8,2,0,0,0,0,3,1,0,4
6072,45,1,0,0,0,75345,2087,512,16,918,57,842,99,38,133,5,8,6,1,1,8
6295,38,0,1,1,1,54233,981,510,46,652,8,158,21,0,142,11,6,5,4,0,19
10914,45,0,0,1,2,24163,17,260,3,4,1,7,2,1,2,1,0,3,2,0,5
1509,57,1,1,0,0,84460,523,541,80,152,27,103,106,54,81,9,9,4,0,4,14
5577,32,0,1,1,1,43776,23,57,77,8,0,9,2,1,3,1,0,2,1,0,7
7348,57,1,0,0,0,71691,1192,104,0,336,130,411,240,32,43,4,7,5,1,0,6
1127,42,1,1,0,0,85844,1958,31,62,938,19,843,25,95,38,6,6,7,1,1,8
1833,41,1,0,1,1,39190,133,64,91,68,8,18,19,8,12,2,1,4,2,0,7
4944,56,0,1,0,0,71367,777,310,24,227,23,389,42,21,75,4,5,7,1,0,6
9080,43,1,0,1,2,38578,73,372,2,38,4,22,3,3,3,3,0,3,3,0,11
6466,50,1,1,1,2,57236,121,109,22,105,0,9,2,1,4,2,1,4,3,0,5
9964,36,0,0,1,1,61825,424,326,56,162,50,100,55,30,27,4,2,8,1,0,8
4790,57,0,0,1,1,79803,868,27,54,574,8,216,21,16,33,4,3,5,1,0,5
10245,29,2,0,0,0,80910,756,606,71,160,80,369,67,39,41,3,3,8,1,0,4
1109,33,1,1,1,1,27590,12,432,38,6,0,5,0,0,1,1,0,2,1,0,8
6001,36,0,1,1,1,56775,937,543,62,614,35,160,58,35,35,5,8,10,2,0,10
5538,40,0,0,0,0,83829,1862,264,78,897,161,430,186,161,27,4,7,6,0,3,5
10552,36,2,1,1,1,54210,367,405,18,70,54,109,80,9,45,4,1,7,2,0,9
1545,29,0,1,1,1,38508,443,331,95,120,19,206,25,19,54,7,2,5,6,0,15
7409,45,0,1,1,1,53187,267,246,66,211,2,30,7,7,10,4,1,6,2,0,9
4444,43,0,1,1,1,30023,61,97,28,11,0,16,7,6,21,2,0,3,1,0,10
146,55,1,0,0,0,76045,1323,226,78,760,53,400,17,93,0,4,5,11,1,1,6
6271,63,1,1,1,1,50870,63,10,13,53,0,8,0,0,2,2,0,3,1,0,7
10065,45,2,1,0,0,15315,64,330,27,7,4,13,15,8,17,2,0,4,2,0,7
4741,41,2,1,1,1,65463,562,150,17,391,32,70,21,32,16,6,2,9,2,1,11
246,50,0,1,1,2,66480,312,29,71,199,9,57,20,21,6,4,1,7,7,0,8
375,61,0,0,0,0,76773,1156,489,79,516,56,449,86,33,16,2,2,11,1,0,3
1524,32,2,0,0,0,81698,1104,485,1,709,45,115,30,160,45,8,2,5,1,1,13
10022,42,1,0,1,2,54466,16,140,78,12,0,4,0,0,0,1,0,2,1,0,6
7451,55,1,0,0,0,98777,2008,132,23,1000,19,711,125,115,38,4,6,9,0,1,5
11010,31,1,0,1,1,16269,44,303,75,19,3,18,3,1,0,3,0,3,3,0,11
4356,44,0,1,1,1,71819,1574,305,70,1224,28,140,0,14,168,3,3,5,3,2,9
3885,32,1,1,1,1,33569,63,256,10,16,2,18,3,0,24,1,1,2,1,1,9
1175,32,1,1,0,0,36262,426,282,24,88,39,54,64,28,153,3,5,3,1,1,9
880,49,2,1,0,0,22634,96,529,47,2,23,11,8,6,46,2,1,2,1,0,10
2320,37,2,1,1,1,47025,635,290,98,508,11,59,23,5,29,11,1,6,5,0,20
850,47,0,0,1,1,70566,757,266,4,381,28,215,84,28,21,6,5,9,2,0,9
4713,36,1,1,1,1,31605,125,584,15,74,0,42,2,1,6,2,1,4,2,0,9
675,42,1,0,1,2,52034,332,408,67,146,0,93,7,13,73,4,2,5,5,0,11
5025,36,0,0,1,1,48526,135,187,32,23,17,23,43,20,9,2,1,4,1,0,5
2308,61,0,1,1,1,46734,330,588,40,110,5,137,26,23,29,6,1,5,2,0,13
5995,53,0,0,1,2,39552,384,558,54,165,3,147,4,24,41,6,2,5,7,0,14
6749,49,0,0,1,2,86358,1722,690,78,957,47,494,82,47,95,5,3,6,4,0,13
1010,38,0,1,1,3,46931,78,66,94,41,0,17,3,1,16,1,1,3,2,0,4
8977,30,2,0,0,0,16581,24,533,51,1,3,4,2,3,11,0,0,3,1,0,4
4756,63,2,0,0,0,63998,1168,191,42,176,29,818,0,33,112,7,6,11,1,0,11
3412,64,1,1,1,1,67381,957,530,67,815,8,53,11,0,70,2,2,9,4,1,9
606,48,0,0,1,2,25930,15,262,87,6,1,2,2,0,4,1,0,2,1,0,8
5961,37,0,1,1,1,42693,57,22,29,8,4,20,6,3,16,1,0,3,1,0,6
2975,39,0,1,1,1,85606,1956,594,89,717,42,864,219,30,84,6,7,9,2,1,9
2894,30,0,0,0,0,72903,2013,243,74,1067,138,750,0,19,39,7,5,8,1,3,11
7613,41,2,1,1,1,49669,326,36,97,166,5,107,11,8,29,5,1,6,2,0,11
10542,47,1,1,1,2,36778,77,693,63,29,4,34,2,4,4,3,0,3,3,0,12
8015,53,1,0,0,0,85696,1313,422,88,714,76,395,116,0,12,4,6,9,1,0,5
10617,26,1,0,0,0,10979,30,38,34,8,4,10,2,2,4,3,0,3,2,0,8
11166,54,0,1,1,1,49678,315,512,81,229,5,56,3,2,20,6,2,4,2,0,13
849,62,1,1,1,1,56129,660,374,65,320,48,133,39,72,48,6,2,10,4,0,10
523,26,0,1,1,1,37155,74,514,51,23,0,26,7,15,3,2,0,4,1,0,7
4066,37,2,0,1,1,21282,46,49,76,1,5,8,4,8,20,2,1,2,2,0,8
8414,53,1,0,1,1,33419,86,316,76,56,0,12,0,0,18,2,0,4,2,0,9
819,70,0,0,0,0,63285,1103,236,84,508,124,249,50,38,134,6,5,13,1,0,9
4961,41,1,1,1,1,21255,61,159,56,29,0,25,2,2,3,2,1,4,4,0,6
749,34,0,1,1,1,42162,145,222,31,46,7,59,2,4,27,3,1,3,2,1,9
5430,59,0,1,1,2,54450,684,653,0,454,0,171,8,19,32,9,2,8,12,0,17
7755,61,1,1,1,1,57744,411,229,91,350,3,39,0,0,19,9,1,4,2,0,17
10525,29,0,0,1,1,26576,27,624,40,10,0,8,0,0,9,1,0,2,1,1,10
1453,72,1,0,0,0,57513,1060,358,59,735,40,183,52,20,30,9,3,13,2,0,15
8310,51,0,1,1,1,68142,1459,669,96,897,126,196,91,112,37,10,4,7,3,0,16
10710,36,0,1,1,1,7500,18,669,61,5,2,3,3,0,5,1,0,2,1,0,9
5031,41,0,1,0,0,83145,1833,645,14,777,35,731,39,137,114,5,9,11,1,1,7
2613,55,1,1,1,1,54197,237,87,16,162,6,37,6,13,13,1,3,6,2,0,2
213,52,1,0,1,2,23091,48,32,98,35,0,11,0,0,2,2,1,3,4,0,9
967,39,0,1,1,2,46049,515,343,11,342,9,112,19,14,19,5,2,9,10,0,12
1077,41,0,1,0,0,56715,1020,571,52,258,105,239,237,172,9,7,3,4,1,0,11
7959,54,0,1,0,0,79410,1370,31,19,658,80,483,123,13,13,3,2,5,1,0,4
640,64,0,1,1,1,57304,1026,475,61,356,80,329,138,17,106,7,6,10,2,0,12
4252,50,0,1,1,1,44375,301,98,73,213,5,28,7,7,41,4,1,6,1,0,9
8432,59,0,1,1,2,54450,684,653,0,454,0,171,8,19,32,9,2,8,12,0,17
6218,50,0,1,1,1,59594,499,617,74,457,4,29,0,0,9,8,1,7,1,1,15
6905,21,0,1,0,0,80685,1004,676,55,241,45,604,34,26,54,6,4,10,1,0,8
5922,41,1,1,1,1,40344,218,259,48,210,0,6,0,0,2,4,1,5,2,0,11
3598,43,0,1,1,1,62710,606,402,53,441,35,83,7,29,11,4,2,12,4,0,8
6116,47,2,1,1,1,48985,75,359,13,19,13,18,10,7,8,1,1,3,1,0,4
6263,47,0,1,1,3,35322,106,676,34,28,9,37,12,7,13,2,0,4,3,0,10
10486,67,0,1,0,0,77142,990,396,54,476,75,162,29,151,97,4,4,8,1,0,6
2410,46,0,0,0,0,81657,1097,158,69,364,40,425,158,60,50,3,4,8,1,0,4
193,19,2,1,0,0,14421,16,132,81,0,0,2,3,3,8,1,0,2,1,1,6
3363,41,2,1,0,0,20130,34,104,99,0,6,3,7,6,12,1,0,3,1,0,9
8278,25,1,1,0,0,74214,1711,672,3,863,83,547,86,99,33,8,2,5,1,0,13
10660,58,1,1,1,2,66726,438,168,61,349,7,35,0,0,47,8,2,4,3,1,15
8686,36,2,1,1,1,23724,75,537,65,5,23,15,0,18,14,2,0,3,2,0,10
1604,55,1,1,1,1,47353,225,228,93,184,2,19,8,8,4,2,2,6,3,0,7
5907,63,1,1,1,2,33444,18,603,24,8,0,8,0,0,2,1,0,2,1,0,9
10669,34,0,1,1,1,54386,470,408,8,277,21,64,62,21,25,3,2,10,2,0,6
2918,34,0,0,1,2,28510,91,442,72,44,5,19,0,4,19,2,0,4,3,0,7
5735,24,1,0,0,0,90638,2525,136,29,1156,120,915,94,144,96,3,4,10,1,1,4
359,65,0,1,1,1,48070,504,532,33,373,14,83,6,9,19,8,2,6,3,0,15
8387,58,0,1,1,1,43140,235,540,68,134,8,76,6,0,11,4,1,5,1,0,10
1829,54,1,0,1,1,54959,1232,526,55,1148,0,60,0,0,24,9,5,4,3,1,16
3839,57,2,0,1,2,15056,88,422,76,6,12,3,21,6,40,2,2,3,5,0,7
9392,44,0,0,1,1,26954,17,52,17,4,1,11,0,0,1,1,0,2,1,0,8
2292,30,0,0,1,1,22327,24,331,94,5,4,8,2,0,5,1,0,3,1,0,6
10466,50,0,1,1,2,44393,60,311,86,24,2,20,2,2,10,1,0,4,2,0,5
9855,63,1,0,1,1,62000,1020,308,25,899,0,101,0,0,20,6,6,13,1,1,10
4088,53,1,1,1,1,31497,155,570,22,108,1,28,13,1,4,3,1,4,2,0,11
5231,41,2,1,1,2,45894,51,122,15,27,2,7,0,2,13,1,0,3,1,0,6
590,45,1,0,0,0,78579,1812,554,35,816,66,549,216,66,99,5,6,4,1,0,8
8732,46,1,0,1,1,67369,1461,589,81,1298,0,70,37,14,42,7,4,10,4,2,11
2315,55,0,0,1,1,58401,96,70,55,10,0,11,17,29,29,1,2,2,1,0,5
3515,63,0,0,1,1,62307,160,132,94,87,13,34,10,6,10,4,0,4,1,0,9
2245,46,1,1,1,2,43641,139,433,50,57,2,51,4,2,23,2,1,4,3,0,8
6283,47,1,0,1,1,63841,908,434,64,635,15,100,20,7,131,9,3,9,1,0,15
2246,50,2,1,1,1,46891,183,301,91,43,12,23,29,15,61,2,1,4,1,0,6
6606,46,1,1,1,1,70091,1161,455,11,964,34,137,15,0,11,5,2,10,2,1,13
5545,43,1,1,0,0,78075,988,85,72,572,8,259,34,35,80,3,5,5,1,0,4
7342,54,2,0,1,1,59184,1072,658,6,341,142,113,259,151,66,6,6,12,3,0,11
837,38,0,1,1,2,54809,174,291,0,63,6,57,13,13,22,2,1,5,4,0,6
9500,56,0,1,1,1,58113,758,520,66,221,104,169,102,78,84,9,2,8,3,0,16
3602,57,1,1,1,1,51412,195,180,42,140,3,29,4,5,14,3,2,4,2,0,7
234,36,0,0,1,1,15287,31,627,60,1,2,8,4,3,13,1,1,2,2,1,8
2995,58,1,1,0,0,66636,1084,316,64,291,10,689,84,10,0,3,4,9,1,0,4
1118,59,1,1,1,1,50965,685,494,87,544,13,85,8,6,29,10,4,5,3,1,18
7789,50,1,1,0,0,84618,1672,219,96,684,100,801,21,66,0,6,9,10,1,1,8
3068,25,0,1,0,0,18351,43,243,1,1,12,9,0,14,7,2,0,3,1,0,9
8955,58,1,1,1,2,40451,49,133,54,35,0,4,0,0,10,1,1,2,1,1,6
945,50,0,1,1,1,36317,133,403,53,87,3,25,3,2,13,3,0,4,2,0,10
5644,58,0,1,1,1,42213,363,260,96,309,3,24,4,3,20,5,1,7,2,1,12
7192,60,0,1,1,1,65748,545,440,58,172,73,93,95,78,34,2,4,10,2,0,3
2324,43,0,1,1,1,77044,1065,245,12,625,38,242,50,34,76,7,11,11,2,1,11
697,46,0,1,0,0,74918,2047,474,78,972,59,913,25,19,59,5,9,6,1,1,8
3439,43,0,1,1,2,56721,296,606,64,157,6,39,6,13,75,4,1,5,5,0,10
1506,40,0,0,1,2,42160,140,366,26,48,9,45,3,15,20,2,1,4,4,0,8
232,50,0,0,1,1,61559,530,347,8,279,83,88,32,14,34,4,2,10,1,0,7
8876,52,1,1,1,2,33629,152,690,49,132,0,16,0,0,4,3,1,4,5,0,12
4500,24,1,1,0,0,68682,1598,266,56,919,0,505,99,30,45,4,9,10,1,0,6
9739,52,0,0,1,1,34377,114,526,55,62,0,22,3,1,26,2,2,2,2,0,9
10395,29,2,0,1,1,8940,101,676,25,1,45,3,4,6,42,3,1,3,3,0,11
1176,42,0,1,1,1,26228,25,280,50,2,6,4,3,1,9,1,0,2,1,0,9
1627,58,2,0,0,0,77297,789,519,84,408,61,109,48,122,41,5,7,9,1,1,9
938,34,0,1,1,2,40211,87,334,30,51,1,7,2,1,25,2,1,2,2,1,10
2740,57,1,0,1,2,33438,90,280,81,62,1,16,3,2,6,2,1,4,4,0,7
257,56,1,1,1,1,75032,1215,427,74,952,12,180,47,12,12,5,4,9,2,0,8
4058,60,1,0,0,0,61284,811,260,76,618,15,106,20,7,45,11,2,8,1,1,17
7736,29,0,1,1,1,22518,61,615,36,11,7,12,2,2,27,2,1,2,2,1,7
8210,40,1,1,1,1,54730,405,318,64,318,3,17,4,7,56,4,1,8,5,0,8
833,60,1,1,1,2,38452,72,91,62,56,0,14,0,0,2,3,0,3,3,0,10
6230,44,0,0,1,2,44421,189,499,53,110,5,59,7,1,7,5,0,4,5,0,13
7325,29,1,1,1,1,38197,40,365,86,23,0,11,2,1,3,1,0,3,1,0,6
1307,37,0,0,1,1,41986,63,140,15,27,5,8,8,3,12,3,0,4,3,0,7
1502,32,0,1,1,1,28427,52,465,67,18,3,19,3,3,6,2,0,3,2,0,10
6211,39,1,1,1,1,37395,39,58,47,18,0,9,0,1,11,1,0,3,1,0,7
843,44,0,1,1,1,64722,805,34,47,303,0,280,60,147,15,8,2,11,4,0,14
4174,59,1,1,1,1,55249,130,73,81,97,1,19,2,0,11,2,1,4,1,0,5
9757,43,0,1,0,0,84906,1631,268,98,997,15,414,99,30,76,5,6,12,1,3,7
6918,26,0,1,1,1,28691,34,360,56,5,4,13,8,0,4,1,0,3,1,0,9
286,63,0,0,1,2,44213,152,212,48,95,11,35,0,4,7,2,1,5,4,0,8
11086,31,2,0,1,1,25707,21,162,18,1,6,2,3,6,3,1,0,3,1,0,8
1921,48,1,1,1,3,59062,71,269,74,46,1,12,3,0,9,2,0,3,2,0,6
4138,53,0,0,1,1,76624,899,36,68,411,106,147,54,115,66,5,10,7,1,1,6
7718,68,1,1,0,0,66000,711,70,36,244,51,270,101,0,45,1,3,5,1,0,2
1291,37,1,1,1,1,27683,351,694,90,152,9,121,12,12,45,6,2,4,4,0,14
6862,44,0,0,0,0,1730,8,42,65,1,1,3,1,1,1,0,0,0,15,0,20
4136,23,2,0,1,1,7500,119,573,63,10,17,18,8,26,40,3,2,2,4,0,12
803,47,0,1,1,2,40521,21,450,82,12,0,5,0,0,4,0,1,2,1,0,5
4298,42,1,1,1,1,20427,10,97,63,5,0,4,0,0,1,1,0,2,1,0,9
10833,40,0,1,1,1,65106,973,36,55,790,19,133,12,0,19,8,3,13,3,1,14
9606,50,1,1,0,0,69969,1536,306,64,882,29,514,38,29,44,4,2,6,1,2,7
8534,63,0,1,1,2,67433,992,348,51,615,28,259,12,48,30,6,5,13,4,1,10
5153,48,1,1,1,1,77766,1529,492,97,1004,59,265,115,59,27,11,10,11,2,1,17
961,43,0,1,1,1,74716,860,290,92,133,27,421,13,195,71,7,3,5,2,0,11
5011,52,0,0,1,1,68118,928,254,51,595,23,123,10,23,154,8,9,4,2,0,14
6653,45,1,1,1,2,55158,418,699,72,293,0,87,4,11,23,7,2,5,4,0,14
9094,60,2,1,1,1,62972,587,695,39,313,15,47,20,0,192,7,4,3,2,0,13
810,40,0,1,1,1,74190,641,48,49,151,81,86,168,91,64,4,2,11,2,0,6
5493,39,0,1,1,2,39356,23,102,21,15,0,2,0,0,6,1,0,2,1,1,7
2147,46,0,1,0,0,76653,2279,317,91,736,63,946,219,189,126,4,7,11,1,2,6
5107,42,1,0,1,2,35860,49,41,37,15,0,8,4,2,20,1,1,2,2,1,6
3979,32,1,0,0,0,90687,1779,403,98,982,17,672,23,34,51,6,2,8,1,1,8
6049,33,1,1,0,0,73450,1804,206,85,1142,51,415,90,69,37,7,8,11,1,2,10
8147,55,0,1,1,2,31454,48,358,40,28,0,11,0,0,9,2,0,3,3,0,10
1857,63,0,0,1,2,47139,83,115,2,46,0,12,0,2,23,2,1,2,2,0,9
3910,40,0,0,0,0,83829,1862,264,78,897,161,430,186,161,27,4,7,6,0,3,5
5207,52,1,1,1,2,53378,793,643,41,489,6,152,8,6,132,9,4,6,10,0,17
11114,45,0,1,1,1,19656,84,506,94,25,4,9,6,8,32,2,1,3,3,0,9
5429,67,1,1,1,1,45579,183,313,10,145,1,33,2,1,1,4,1,4,1,0,10
9400,57,2,0,0,0,85485,1383,8,73,630,26,611,44,18,54,6,6,6,1,0,8
1740,71,0,1,0,0,55956,999,83,22,760,38,104,50,9,38,7,3,4,2,1,11
7488,52,1,0,1,1,64191,825,523,30,420,15,186,151,38,15,5,3,13,3,0,8
195,43,0,0,1,1,38808,246,672,21,125,17,52,3,19,30,5,1,4,4,1,13
635,49,1,1,1,2,57183,610,467,51,464,5,64,7,0,70,9,1,7,8,0,17
7527,47,1,0,1,1,23748,76,585,97,6,6,29,12,15,8,2,1,3,3,0,10
10319,44,0,1,1,1,66303,1286,488,56,1090,12,96,16,12,60,3,4,11,4,1,11
2296,40,1,1,1,1,37368,30,195,4,3,2,11,2,2,10,1,0,2,1,1,7
10637,51,0,1,1,3,40800,99,544,77,24,0,27,8,30,10,3,0,3,2,0,10
2931,37,0,0,0,0,71847,1192,646,95,737,21,106,55,63,210,6,7,9,0,1,9
907,40,0,1,1,1,46149,362,212,36,254,6,71,4,0,27,5,1,7,5,0,10
3698,32,0,1,0,0,78687,2130,689,13,817,185,687,145,55,241,4,6,8,1,1,6
9516,44,2,0,0,0,49118,1229,680,90,620,54,239,99,98,119,9,7,10,2,2,16
679,58,1,1,1,2,37633,38,647,49,13,4,20,0,0,1,1,0,3,2,0,10
7384,64,1,1,0,0,39767,485,343,18,113,61,204,34,26,47,7,1,7,2,0,15
5043,64,2,1,0,0,26997,434,601,89,7,23,78,133,49,144,4,2,5,2,0,11
5267,45,0,0,1,1,33986,44,472,43,16,2,18,2,1,5,1,0,3,1,0,8
339,43,1,1,1,1,57091,496,583,82,462,0,24,6,0,4,9,2,5,2,1,16
2516,46,2,1,1,2,46831,78,386,84,22,2,10,6,4,34,1,2,2,2,0,5
9010,43,1,1,0,0,83151,2346,504,80,968,147,842,137,42,210,5,7,10,1,3,7
378,44,0,1,0,0,52531,794,546,68,283,112,151,51,72,125,7,2,10,2,0,13
4808,59,0,1,0,0,15759,17,297,12,1,2,5,6,0,3,1,0,2,1,0,8
5068,44,0,0,1,1,22804,26,333,75,14,1,7,2,1,1,2,0,2,1,0,11
7628,42,2,1,1,1,43050,76,103,10,30,5,24,6,3,8,2,0,4,2,0,7
7128,38,1,0,1,2,42997,15,204,91,4,0,5,0,1,5,1,0,2,1,0,8
2811,52,1,0,1,2,48918,62,78,21,52,0,9,0,0,1,1,0,4,2,0,5
3551,61,1,1,1,1,60033,198,92,28,62,1,57,19,11,48,2,1,5,2,0,4
1663,37,1,1,1,1,34043,49,247,97,20,2,14,3,0,10,2,0,2,1,0,11
5543,49,0,1,1,1,57811,802,370,49,545,7,114,37,21,78,7,2,11,5,1,12
1577,69,0,1,0,0,78569,1736,130,14,558,79,622,207,175,95,4,6,4,1,1,5
10641,37,0,0,1,2,7500,57,549,5,6,5,4,13,4,25,2,1,3,4,0,8
5336,44,1,1,1,1,157733,59,390,37,39,1,9,2,0,8,1,0,1,0,0,2
6024,62,0,1,0,0,94384,2302,482,62,1111,24,790,160,45,172,5,8,5,0,3,7
1878,30,2,1,0,0,23148,37,131,83,4,6,8,6,3,10,2,0,3,1,0,9
3099,45,0,0,1,2,44267,310,489,48,183,5,65,3,5,49,5,2,4,5,0,14
6055,36,0,1,0,0,71626,1305,605,94,546,72,376,94,145,72,5,5,8,1,1,8
5841,49,0,1,1,1,60894,832,366,61,606,7,155,10,0,54,10,3,8,5,0,17
3972,39,0,1,1,2,50200,401,452,70,266,6,51,8,6,64,7,1,5,6,0,15
4394,50,1,1,0,0,81051,1501,37,43,1142,29,249,38,29,14,5,5,12,1,2,7
5758,33,0,1,0,0,65169,1189,166,23,1074,0,69,0,0,46,10,4,13,1,4,16
6658,43,0,1,1,1,59868,1194,342,37,771,51,154,54,10,154,11,2,12,7,0,17
4603,55,1,1,1,1,65695,656,149,50,371,32,189,0,58,6,5,4,10,2,0,9
8427,59,1,0,0,0,64857,1540,583,78,556,14,717,210,0,43,7,5,10,1,0,11
10260,50,1,1,1,1,45143,311,307,74,202,5,74,11,5,14,6,1,5,3,0,13
7143,60,2,1,1,1,74805,820,235,14,209,162,209,41,162,37,4,7,10,5,0,6
8789,26,2,1,1,1,59060,274,169,77,35,40,111,36,40,12,3,1,7,3,0,7
6197,53,1,0,1,2,27238,57,435,39,37,0,17,0,0,3,3,0,3,3,0,12
4554,50,0,1,1,1,47009,448,271,89,171,45,73,59,10,90,3,2,8,4,0,7
4937,42,2,1,1,2,46094,44,19,62,12,2,20,3,2,5,1,0,3,1,0,8
1920,43,0,1,1,2,40321,102,335,59,44,4,21,6,0,27,3,0,3,2,0,10
8749,31,0,1,1,1,37235,61,148,68,20,2,9,4,6,20,1,1,2,1,0,5
1650,55,1,1,0,0,81843,1643,433,13,779,86,537,34,69,138,5,9,12,1,0,8
10377,57,1,1,1,1,46692,397,388,37,170,6,97,24,12,88,6,1,5,3,0,12
9206,47,0,1,1,1,77382,1121,173,36,491,48,231,112,105,134,5,7,12,2,1,6
10971,38,0,0,1,2,37774,473,664,28,173,8,107,7,2,176,7,2,3,4,1,16
6398,41,2,1,1,1,18393,50,92,2,7,10,13,16,0,4,3,0,3,2,0,11
9212,53,1,1,1,1,72828,1678,500,17,1205,0,235,19,14,205,6,3,13,6,0,13
7937,33,0,1,0,0,24711,58,72,86,10,7,25,6,3,7,3,0,3,1,0,10
839,40,1,1,1,1,45503,170,277,54,97,4,44,6,1,18,3,1,4,1,0,8
4246,33,1,0,0,0,6560,373,199,2,67,11,26,4,3,262,1,0,1,0,0,18
158,70,1,1,0,0,71604,1196,224,3,345,53,528,98,75,97,8,3,5,1,1,12
4832,36,0,1,1,1,27244,101,114,84,6,5,17,3,24,46,2,2,2,2,0,9
5621,46,0,1,1,2,48752,316,564,8,73,57,100,71,15,0,6,1,5,5,0,15
1945,53,0,1,1,1,71434,1400,284,4,711,36,217,172,96,168,7,4,7,3,2,11
5147,67,0,0,0,0,90842,1424,335,57,774,70,118,182,187,93,4,9,13,1,0,5
2535,37,1,1,1,1,88097,844,680,24,163,0,480,0,126,75,6,5,8,1,3,15
11039,40,0,1,1,1,51948,311,285,51,82,33,54,71,30,41,5,2,4,2,0,10
9495,33,0,1,0,0,71853,1149,417,29,358,108,413,141,97,32,2,8,6,1,0,3
9635,32,1,1,0,0,35876,129,70,13,66,2,40,4,3,14,3,1,3,1,0,9
2173,63,0,0,1,1,40049,32,256,23,13,6,7,0,3,3,1,0,3,1,0,7
942,33,0,0,1,1,39660,299,690,36,139,13,78,20,13,36,7,1,3,3,0,16
9386,53,0,1,1,1,50127,320,31,88,274,0,21,4,6,15,5,1,6,1,1,11
5510,38,1,1,1,1,43263,441,585,2,262,6,61,0,10,102,5,2,6,3,0,10
873,66,1,1,1,2,62845,1178,636,3,1099,0,45,0,0,34,3,4,10,11,1,11
2253,25,0,1,0,0,18929,85,498,15,32,0,8,23,4,18,1,0,4,1,0,7
5181,33,2,0,1,1,24367,24,466,58,2,4,2,0,11,5,1,0,2,1,0,10
979,40,0,0,1,1,33249,112,494,11,6,10,21,19,14,42,2,1,3,2,0,8
10390,56,2,1,1,1,26887,30,504,27,6,7,4,3,4,6,1,0,3,1,0,7
4698,32,1,1,0,0,50150,410,374,32,135,46,92,65,61,11,5,2,7,2,0,10
7793,39,0,1,1,1,62061,800,302,12,641,7,84,0,30,38,10,4,7,3,1,16
1745,53,1,0,0,0,85696,1313,422,88,714,76,395,116,0,12,4,6,9,1,0,5
10590,59,1,1,0,0,76542,1483,456,91,794,73,573,0,29,14,4,8,10,1,0,6
5080,22,0,0,0,0,70515,1258,251,12,420,0,452,182,64,140,6,6,4,1,0,8
8369,28,0,1,1,1,18227,28,598,21,1,2,7,4,3,11,0,1,2,1,0,8
5232,50,0,1,1,1,69139,227,153,23,86,12,75,33,15,6,4,1,5,1,0,8
2407,33,0,1,0,0,69109,1555,597,10,823,25,459,124,29,95,6,6,7,1,1,10
3834,53,0,0,1,1,69627,861,469,35,231,161,215,171,30,53,8,2,11,2,0,13
7912,37,0,1,1,1,38136,103,433,69,8,15,27,0,20,33,3,1,2,2,1,11
7712,69,1,0,0,0,62159,634,62,68,182,17,259,77,70,29,6,2,10,1,0,10
1065,52,0,0,0,0,80695,1918,182,85,557,129,984,193,37,18,5,8,5,1,0,7
7275,44,1,0,1,2,33316,131,268,34,79,1,31,4,4,12,2,1,4,3,0,8
1343,47,0,1,1,2,58554,586,641,55,368,24,68,38,0,88,8,2,6,6,0,15
1384,23,2,1,1,1,17256,62,218,10,6,4,14,8,8,22,2,1,2,2,1,10
9967,41,0,0,1,2,53034,447,395,30,160,15,196,15,11,50,6,1,7,8,0,14
6181,65,2,1,0,0,52203,939,698,36,488,21,238,56,108,28,8,7,11,1,0,14
10507,38,2,0,1,1,59601,797,339,14,691,7,69,0,7,23,2,2,7,4,1,10
2674,57,1,0,1,1,75154,1143,663,79,543,10,205,160,143,82,6,3,6,1,0,9
2698,39,0,0,1,1,47025,415,234,52,254,7,108,20,0,26,6,3,5,3,0,12
3231,42,0,1,1,1,37971,30,216,97,5,4,10,2,2,7,1,0,3,1,0,9
4096,47,1,0,1,1,41335,187,185,24,112,19,21,16,14,5,4,1,4,3,0,11
10476,57,0,1,1,1,67267,251,47,0,134,11,59,15,2,30,3,2,5,1,0,5
5948,40,0,0,1,1,57338,237,61,96,143,6,52,11,8,17,4,1,5,2,0,9
9140,55,2,1,1,2,50523,91,186,89,51,4,24,4,7,1,2,0,4,2,0,8
10258,50,1,0,1,3,35791,35,419,94,27,0,5,0,0,3,1,0,3,2,0,9
5675,55,1,0,1,1,50611,493,633,98,459,0,24,6,0,4,4,5,7,6,1,10
4743,46,1,1,1,1,56242,971,483,72,689,8,167,11,8,88,8,4,11,5,0,14
8805,55,0,0,1,1,48904,371,574,1,283,10,38,0,13,27,7,2,4,4,0,15
1542,40,0,0,1,3,56243,396,181,26,347,0,35,4,3,7,4,2,8,6,0,9
6770,30,0,1,1,1,21355,68,313,5,5,13,14,0,5,31,2,1,2,2,1,8
8773,44,1,1,1,1,57420,322,369,22,280,0,18,0,0,24,5,1,6,3,1,12
10420,60,1,0,1,1,46390,222,55,56,95,14,64,2,9,38,4,2,3,1,0,11
7514,59,2,1,1,2,54342,177,361,74,84,10,34,11,10,28,3,1,4,4,0,9
793,42,0,1,1,1,20895,45,631,24,18,3,17,3,0,4,2,0,3,1,0,11
10909,67,0,1,0,0,92344,1899,165,9,992,24,694,51,19,119,5,10,5,0,2,6
8702,39,2,1,1,2,26907,22,313,10,9,1,7,0,3,2,1,0,3,2,0,8
4791,35,0,1,1,2,44964,41,560,35,19,1,17,2,0,2,1,0,3,1,0,9
2963,36,0,1,0,0,75507,1440,58,56,709,93,374,104,80,80,8,6,6,1,0,11
8216,43,1,1,1,2,53761,325,261,7,158,0,76,13,7,71,4,4,3,6,0,9
8140,42,0,1,1,1,22682,95,269,51,10,14,29,4,2,36,2,1,4,3,0,6
10146,43,1,1,1,1,38887,42,119,17,25,1,13,0,0,3,1,0,3,1,0,8
5289,40,2,0,1,2,41658,72,597,30,8,4,12,15,4,29,1,1,2,2,0,5
2587,43,1,1,1,1,29791,20,45,21,14,0,6,0,0,0,2,0,3,2,0,7
4405,59,1,1,1,2,63915,789,334,2,622,7,115,30,0,15,6,3,12,2,0,11
8663,41,0,0,1,2,39996,15,38,85,11,0,3,0,0,1,1,0,2,1,0,7
2589,43,0,0,1,1,26759,59,142,65,25,3,16,8,5,2,2,1,3,2,0,8
3421,47,1,0,1,1,63841,908,434,64,635,15,100,20,7,131,9,3,9,1,0,15
10490,46,1,1,1,2,51039,417,566,11,100,64,79,65,0,109,6,2,4,2,0,13
4094,54,0,1,1,2,60544,289,673,92,201,2,43,3,5,35,5,1,5,4,0,11
9958,43,0,1,1,1,65685,769,92,54,642,14,49,0,7,57,9,2,9,1,0,14
2534,62,0,1,1,1,37716,188,69,4,97,1,41,6,2,41,4,1,3,2,0,11
4188,58,0,0,1,1,36864,354,685,53,204,5,39,17,0,89,5,2,4,3,0,13
6613,45,1,1,1,1,44511,727,625,39,513,7,133,46,14,14,8,4,8,6,0,16
10827,48,1,1,1,2,36947,146,691,49,88,3,21,4,1,29,3,0,4,4,0,12
5491,64,1,1,1,1,47352,319,444,70,172,12,112,8,0,15,6,1,5,4,0,13
8402,62,1,1,1,1,67087,794,194,40,329,35,222,130,35,43,7,5,8,2,0,11
8783,65,0,1,1,1,57045,454,659,40,296,13,104,11,13,17,4,2,9,3,0,7
10010,62,1,0,1,2,36957,152,661,43,100,2,16,2,1,31,3,2,2,4,0,12
618,38,1,1,1,1,69389,797,639,17,422,7,238,69,46,15,7,2,12,1,0,11
9121,43,0,1,1,1,80134,1690,405,40,1218,16,272,104,0,80,5,3,6,2,3,11
361,46,1,1,1,2,43142,20,131,84,5,1,7,2,1,4,1,0,2,1,0,8
4310,71,0,1,0,0,80589,1428,158,25,507,93,520,242,40,26,5,10,5,1,1,6
2678,25,0,0,1,1,34412,209,501,62,52,12,50,4,36,55,5,0,3,3,0,14
6376,36,0,0,1,1,57537,545,384,83,191,56,139,51,8,100,4,3,8,4,0,8
524,49,2,1,0,0,22634,96,529,47,2,23,11,8,6,46,2,1,2,1,0,10
10341,67,0,1,0,0,51315,222,126,45,68,28,39,16,30,41,2,2,5,1,0,4
5654,43,0,1,1,3,36026,61,105,34,20,4,10,6,4,17,2,0,3,2,0,8
4098,42,0,1,1,2,24639,44,152,3,20,3,16,0,4,1,2,0,4,3,0,8
5824,43,1,1,1,3,34578,8,79,1,7,0,1,0,0,0,1,0,2,1,0,7
7000,43,2,0,0,0,65704,817,259,18,279,172,74,38,8,246,2,10,10,1,0,3
2561,49,0,0,1,1,63810,1371,595,45,977,12,253,16,12,101,4,3,12,4,1,12
5229,46,1,1,1,1,54132,42,133,81,30,1,8,0,0,3,1,0,3,1,0,8
4086,56,0,1,0,0,18690,60,548,77,6,1,7,23,4,19,1,1,2,1,0,9
2428,45,0,1,1,1,28164,78,421,23,3,18,26,11,8,12,2,0,4,3,0,9
8254,41,1,1,1,1,34596,23,442,48,14,0,2,0,0,7,1,0,2,1,0,9
2836,43,1,1,1,1,43269,19,286,61,10,1,7,0,0,1,1,0,2,1,0,9
8418,57,2,0,1,2,38741,61,91,60,7,10,17,8,6,13,2,0,3,2,0,9
1362,43,0,0,0,0,31907,449,482,75,33,87,64,175,16,74,6,1,6,1,0,13
7152,32,1,1,1,1,27100,37,450,64,12,0,13,2,0,10,1,0,3,1,0,8
10033,42,2,0,1,1,31163,38,136,54,2,3,10,11,2,10,1,0,3,1,0,7
9349,30,0,1,0,0,92533,1131,192,84,693,21,118,110,147,42,6,5,11,1,2,8
274,42,0,0,1,2,34853,34,188,75,9,3,15,2,3,2,2,0,3,2,0,8
3388,48,0,0,1,2,70844,294,242,16,129,26,67,3,67,2,6,1,5,5,0,13
922,36,2,1,1,2,31086,48,421,79,16,2,11,3,0,16,1,1,2,2,1,9
8588,54,0,1,1,2,60544,289,673,92,201,2,43,3,5,35,5,1,5,4,0,11
2518,29,2,1,0,0,20491,30,520,16,5,4,5,4,2,10,0,1,2,1,0,7
574,51,0,1,0,0,42523,125,67,96,14,36,11,3,26,35,1,1,4,1,0,3
3220,32,0,1,1,1,39922,156,500,30,29,12,59,19,1,36,3,0,4,2,0,11
5967,63,0,1,1,2,33402,70,346,60,26,2,19,10,5,8,2,1,3,3,0,10
1183,66,1,1,1,2,36408,22,281,11,9,1,4,3,2,3,1,0,2,1,0,7
6856,36,0,1,1,1,21645,65,664,75,14,0,23,4,5,19,3,0,3,3,0,12
4530,67,1,0,0,0,78427,1930,613,36,972,19,595,180,26,138,3,7,10,3,1,6
1553,69,0,1,0,0,82657,2283,275,71,966,168,672,246,105,126,7,5,10,1,2,11
4682,57,0,1,0,0,51876,310,257,88,99,27,102,28,48,6,2,2,8,1,0,3
8204,44,2,1,0,0,78041,1319,560,93,482,35,553,72,160,17,4,4,9,1,0,6
5221,58,0,1,1,1,52852,879,575,93,714,8,99,11,0,47,10,7,5,4,1,18
1232,33,1,1,0,0,70038,1244,247,54,587,54,348,71,54,130,4,4,8,1,0,6
1927,42,2,1,1,1,69401,690,98,41,399,27,159,58,8,39,4,4,5,4,0,6
5788,43,0,1,1,1,46053,209,497,46,56,10,92,19,7,25,3,2,4,3,0,8
6652,50,0,1,0,0,77343,1134,20,28,227,151,573,98,54,31,3,4,9,1,0,4
6246,62,0,0,0,0,73892,1507,228,40,703,102,601,0,58,43,3,11,8,1,0,4
5975,48,1,0,1,1,40304,57,272,82,37,0,17,0,0,3,2,0,3,1,0,9
6875,50,1,1,0,0,32727,529,670,38,167,13,180,86,13,70,7,3,5,2,0,15
4399,46,0,1,0,0,68695,1091,4,3,458,81,356,106,50,40,4,4,7,1,0,6
4042,44,0,0,1,1,43300,180,624,87,91,3,52,2,1,31,4,0,4,3,0,12
2157,43,0,1,1,2,26290,77,533,49,15,8,16,11,5,22,2,0,4,4,0,8
10133,45,0,0,0,0,93790,2349,137,16,1302,68,731,89,114,45,6,7,12,0,3,8
2525,41,1,1,0,0,38410,534,653,65,153,64,123,116,64,14,5,2,9,2,0,11
8233,65,1,0,1,1,64866,556,154,9,508,5,21,7,5,10,7,3,7,4,1,12
9483,56,0,1,1,1,57957,637,314,24,290,59,177,77,5,29,4,6,8,7,0,7
2945,60,1,1,1,2,46015,46,77,25,38,0,2,0,0,6,1,0,3,1,2,8
10403,37,0,1,1,1,16531,44,11,43,2,13,6,7,5,11,3,0,3,3,0,10
5074,29,1,1,1,1,28072,47,356,10,30,0,10,2,0,5,1,0,3,1,0,8
10524,52,1,0,1,1,49476,795,374,29,386,23,95,54,41,196,2,11,5,4,0,4
4690,62,0,1,1,1,50725,586,501,45,443,10,75,0,10,48,8,1,8,4,0,16
7521,63,0,1,0,0,83844,1574,413,57,901,31,345,75,31,191,4,4,11,1,1,5
7196,65,1,1,1,2,41145,13,141,20,9,0,3,0,0,1,0,0,3,1,0,3
4406,45,0,1,1,1,67419,1471,529,29,846,84,352,91,56,42,9,4,8,4,0,14
9672,45,2,1,1,2,23162,65,190,82,8,3,9,19,4,22,1,1,3,3,0,7
4864,38,0,1,1,1,34380,175,423,68,72,7,58,13,1,24,4,1,3,4,0,12
4706,49,0,0,1,1,34704,40,428,65,29,0,5,0,1,5,1,0,3,1,0,6
4070,46,1,1,1,2,94871,1078,666,99,169,24,553,188,0,144,8,5,4,1,2,15
25,57,0,1,1,1,65148,1115,590,9,460,35,422,33,12,153,6,6,7,2,0,10
3697,61,0,1,1,1,39898,134,502,20,69,8,26,12,7,12,3,0,4,2,0,10
217,59,1,0,0,0,64857,1540,583,78,556,14,717,210,0,43,7,5,10,1,0,11
4220,45,1,1,1,1,59892,87,239,26,73,0,13,0,1,0,2,1,3,1,0,5
5286,28,1,0,0,0,41020,217,244,68,112,1,54,7,7,36,3,2,4,1,0,6
9559,54,1,1,1,1,57072,1034,156,79,944,0,60,0,0,30,7,5,13,2,1,12
2849,36,0,0,1,1,60474,1180,454,25,265,199,303,234,9,170,10,2,12,7,0,17
7787,55,0,1,1,1,62807,819,667,83,526,28,135,10,21,99,5,3,12,3,0,10
3102,34,2,1,1,1,19414,32,256,32,2,3,12,3,5,7,1,0,3,1,0,9
5868,35,0,1,1,1,19107,46,311,49,2,4,9,10,5,16,1,0,3,2,0,8
8370,39,2,1,1,1,75484,1159,696,50,378,97,259,197,194,34,7,3,6,2,0,11
9988,39,1,0,1,1,70379,860,483,84,553,25,142,65,67,8,6,3,13,3,0,10
2939,45,1,1,0,0,79419,1631,7,96,751,127,687,20,15,31,4,6,4,1,0,6
5529,69,1,1,1,3,64014,444,19,56,406,0,30,0,0,8,8,2,5,7,1,15
9743,60,0,1,1,1,76998,1910,534,85,1449,89,161,69,35,107,11,8,8,2,1,17
5763,43,1,1,1,1,49854,380,231,63,123,17,171,39,0,30,6,2,5,5,0,12
3478,44,1,1,1,2,60585,736,370,17,267,42,309,55,42,21,7,4,9,10,0,12
7494,65,1,0,1,2,42873,269,524,11,209,0,40,3,2,15,6,1,4,4,0,14
1763,27,0,1,0,0,87679,2524,337,62,1259,172,815,97,148,33,7,11,10,1,3,11
7250,37,0,1,1,1,57867,612,271,48,344,35,178,15,23,17,7,2,9,7,0,13
2005,25,0,1,1,1,35765,75,200,86,22,3,30,0,5,15,2,0,4,2,0,8
10770,56,0,1,0,0,65492,1045,154,73,247,161,295,210,85,47,4,7,13,2,0,6
6885,38,0,0,1,1,32952,55,210,36,38,0,12,3,1,1,2,0,3,1,0,9
2072,46,1,1,1,1,53374,1064,682,34,896,10,101,13,10,34,4,2,9,6,1,13
9463,56,0,1,1,1,71706,1443,593,16,931,56,253,91,98,14,9,5,7,4,0,14
6318,27,0,1,0,0,68487,1366,532,48,758,12,385,33,89,89,9,7,13,1,0,13
4093,40,1,1,1,2,53253,436,503,61,216,9,57,20,9,125,4,3,5,7,0,9
5751,42,2,0,1,1,31163,38,136,54,2,3,10,11,2,10,1,0,3,1,0,7
3340,38,0,1,1,1,42014,436,681,56,244,15,108,4,15,50,7,1,6,6,0,15
3594,42,1,1,1,2,54108,747,601,74,539,6,91,8,6,97,8,2,9,13,0,16
3584,60,1,0,0,0,49667,1396,678,35,1181,26,120,17,13,39,5,10,5,2,1,13
3643,41,1,1,0,0,63206,928,101,65,750,8,125,11,8,26,4,3,6,1,1,6
851,43,1,1,1,2,57136,642,355,48,306,5,109,21,109,92,5,2,10,9,0,11
7706,40,2,1,1,1,46772,1048,599,88,350,104,189,197,151,57,11,8,5,6,1,19
3967,44,1,1,0,0,78931,943,247,19,331,197,170,58,152,35,2,8,13,1,0,3
10128,57,0,1,1,1,53977,907,386,21,620,16,165,0,24,82,5,5,12,5,0,10
486,27,0,1,0,0,84219,1198,147,27,434,137,400,45,137,45,3,4,10,1,0,4
9,40,1,0,1,2,46098,120,680,86,57,0,27,0,0,36,3,2,2,4,0,11
9451,50,0,1,1,1,73538,1658,581,92,811,76,428,99,137,107,10,4,9,3,0,17
9264,29,0,1,0,0,79529,1638,63,1,423,42,706,73,197,197,4,8,9,1,0,6
3865,38,2,1,0,0,20981,73,425,14,2,12,10,6,13,30,3,1,2,1,0,11
2853,35,0,0,1,1,51766,275,110,74,60,51,87,6,20,51,4,2,4,2,0,9
1490,53,0,1,1,1,55759,854,578,84,675,0,85,10,7,77,10,3,8,5,0,18
6310,37,0,1,1,1,33039,78,293,4,30,8,12,8,8,12,2,0,4,1,0,7
10380,43,1,1,1,1,37787,106,282,50,40,1,40,4,3,18,3,0,3,1,0,11
3887,45,0,0,1,1,27242,106,595,2,3,17,26,20,1,39,2,0,3,2,0,11
4278,32,1,0,0,0,87188,1923,391,73,910,111,724,49,74,55,10,2,6,1,0,13
8643,44,0,1,0,0,69930,1662,399,21,252,98,827,219,70,196,4,5,12,1,0,7
1998,39,0,0,1,1,37697,84,142,82,34,6,21,11,4,8,2,1,3,1,0,8
10795,42,1,1,1,1,37401,48,54,14,19,3,19,3,1,3,2,0,3,2,0,9
11110,42,0,0,1,1,3502,5,442,56,2,1,1,0,0,1,0,0,0,0,0,14
2408,39,0,1,1,2,58597,733,586,20,490,0,184,10,28,21,7,4,9,12,0,14
202,67,1,0,0,0,82032,1234,85,54,332,194,377,149,125,57,4,6,7,0,0,5
7998,57,0,1,1,2,28087,112,565,77,53,8,17,13,0,21,2,2,2,3,0,9
830,28,1,0,0,0,74004,1658,125,5,784,48,560,42,176,48,4,6,4,1,2,7
3536,55,0,1,1,1,19740,55,462,65,7,11,3,10,4,20,1,1,3,2,0,6
6050,40,2,1,1,1,57036,1513,565,33,1171,43,219,19,14,47,6,3,13,4,1,15
125,57,2,1,1,2,53083,271,410,65,215,7,33,3,0,13,5,1,5,6,1,12
3463,40,1,1,1,1,69283,904,15,41,674,62,134,0,26,8,7,3,13,4,0,12
2804,40,1,0,1,2,46098,120,680,86,57,0,27,0,0,36,3,2,2,4,0,11
3745,27,2,1,1,1,23331,103,663,92,5,36,7,0,10,45,3,0,3,2,0,11
9771,27,2,0,1,1,23331,269,632,97,104,20,101,24,15,5,5,1,5,6,0,14
451,26,0,0,1,1,9255,22,191,91,9,0,7,2,0,4,1,1,2,1,0,9
10530,56,1,0,0,0,67786,1156,204,0,431,82,441,80,20,102,3,6,6,1,0,4
1079,44,1,1,1,1,71969,1086,621,59,1000,0,76,0,0,10,3,4,9,3,1,11
8920,48,1,0,1,1,59235,1128,533,4,448,40,469,80,0,91,11,2,12,3,0,18
6678,26,0,1,1,1,31928,72,93,5,33,4,24,4,2,5,3,0,4,2,0,10
3852,54,1,1,1,2,74881,964,478,48,505,72,270,36,27,54,9,2,12,4,0,14
528,37,0,1,0,0,65819,1383,577,99,267,38,701,149,165,63,5,4,10,1,0,8
73,62,1,0,1,3,51411,18,399,81,14,0,3,0,0,1,0,0,3,1,0,5
5589,51,0,0,1,1,51983,793,667,95,631,0,115,10,7,30,9,2,10,3,0,16
10212,29,1,1,1,1,42386,100,532,43,65,4,16,0,4,11,3,0,3,1,0,11
6365,28,2,1,0,0,30390,80,300,5,10,12,12,25,1,20,2,0,3,1,0,8
5636,52,0,0,0,0,30983,167,597,50,51,4,50,12,1,49,4,0,3,1,0,12
591,58,0,0,1,1,66033,677,525,76,293,35,179,46,59,65,8,3,7,2,0,15
2217,40,2,1,1,2,37284,23,457,46,11,1,2,2,1,6,0,0,3,1,0,6
2544,64,1,0,1,1,57530,92,260,68,50,1,27,6,7,1,1,1,4,1,0,2
7725,50,2,1,0,0,76800,641,113,33,173,26,255,35,71,81,4,4,7,1,0,5
8091,59,0,1,1,1,63943,1106,665,50,423,184,368,13,97,21,6,4,6,1,0,11
7321,53,0,1,0,0,76081,1033,37,85,292,30,415,63,33,200,4,5,4,1,1,6
5462,41,0,1,1,1,67445,1174,686,63,757,80,217,29,80,11,9,6,12,5,0,15
7791,48,1,1,1,2,37054,25,287,89,12,1,6,0,1,5,1,0,3,2,0,8
955,53,1,1,1,2,47175,240,609,81,167,2,44,6,2,19,4,2,4,7,1,12
4037,39,0,0,1,1,31859,20,380,77,3,1,3,8,0,5,1,0,2,1,0,8
6642,54,0,0,1,3,27215,102,522,50,30,5,22,8,9,28,2,1,4,4,0,8
2793,39,1,0,1,1,70179,1034,343,10,532,88,168,69,44,133,7,3,13,3,0,12
5424,32,0,1,1,1,39922,156,500,30,29,12,59,19,1,36,3,0,4,2,0,11
879,39,1,1,1,2,49681,458,237,66,411,0,26,0,0,21,7,1,7,6,0,14
9530,27,0,1,1,1,24645,17,605,16,5,3,4,4,1,0,1,0,2,1,0,9
4828,61,0,0,1,1,79865,792,11,12,71,99,278,185,121,38,5,10,5,1,0,6
10699,30,0,1,1,1,44322,92,13,30,46,0,40,3,0,3,3,0,3,2,0,11
1497,63,0,0,1,1,47958,407,526,8,268,11,88,15,3,22,6,3,5,2,0,11
7476,51,1,0,1,1,63972,1269,574,93,928,63,254,0,12,12,5,4,10,4,1,9
4390,61,0,1,1,1,75315,841,75,14,459,15,171,142,23,31,5,4,12,2,0,7
10478,65,1,1,1,2,55517,633,640,53,483,0,108,0,6,36,11,1,6,5,0,20
1081,58,1,1,1,3,75283,1019,459,26,733,9,180,12,19,66,6,3,5,11,0,10
4261,69,1,0,0,0,82800,1315,582,23,1006,22,115,59,68,45,7,6,12,1,2,10
9916,61,0,1,1,2,38998,54,603,92,34,1,14,0,0,5,2,0,3,3,0,10
5350,24,1,0,0,0,90638,2525,136,29,1156,120,915,94,144,96,3,4,10,1,1,4
8135,29,1,1,1,1,27161,52,244,41,7,4,23,7,0,11,1,0,3,1,0,8
8685,38,0,1,1,1,42014,436,681,56,244,15,108,4,15,50,7,1,6,6,0,15
4967,55,1,1,1,1,38201,268,457,19,233,0,23,0,0,12,5,1,5,4,0,13
2130,33,0,1,1,2,45203,147,98,4,35,3,67,10,8,24,3,1,3,1,0,9
9298,68,1,1,0,0,81574,1798,62,89,1252,0,465,46,35,0,4,5,8,1,2,5
8175,23,0,1,0,0,34935,137,373,71,34,4,66,3,10,20,2,1,4,1,0,9
6257,39,1,0,1,1,60482,507,522,81,255,43,134,37,14,24,7,2,7,1,0,14
3790,59,0,1,1,3,34633,15,157,31,8,1,5,0,0,1,1,0,2,1,0,7
9952,68,1,1,0,0,78093,1105,200,53,368,32,639,13,43,10,4,7,5,1,0,5
3503,65,0,0,0,0,82460,974,209,78,255,47,573,52,32,15,5,3,6,1,0,6
5223,49,1,1,1,1,45903,66,67,80,33,8,10,2,10,3,2,1,3,2,0,6
4608,28,0,0,0,0,81361,778,124,18,163,23,424,27,65,76,3,10,13,1,0,4
1626,42,1,0,1,2,35860,49,41,37,15,0,8,4,2,20,1,1,2,2,1,6
4764,63,1,1,1,2,40442,169,679,52,45,12,52,25,22,13,3,1,4,4,0,10
2471,50,0,1,0,0,61482,299,2,39,48,58,68,16,66,43,3,2,6,1,0,5
5892,35,0,1,1,1,34968,221,445,11,158,6,45,8,2,2,3,2,5,7,0,10
2612,28,0,1,0,0,75794,1682,187,33,754,160,625,63,32,48,7,5,12,1,1,10
4971,53,1,1,1,1,31497,155,570,22,108,1,28,13,1,4,3,1,4,2,0,11
5185,60,0,1,0,0,74268,892,500,83,199,66,315,97,174,41,4,3,5,1,0,6
10069,27,2,1,1,1,13724,58,667,43,2,7,5,2,15,27,2,0,2,1,1,11
2262,50,1,1,1,1,45143,311,307,74,202,5,74,11,5,14,6,1,5,3,0,13
1131,48,1,0,1,1,52569,95,85,54,85,0,3,0,0,7,2,0,4,1,0,5
1041,42,1,0,1,1,48432,424,619,3,322,3,50,4,3,42,7,1,6,5,0,15
24,55,1,1,1,2,17144,47,134,96,18,2,19,0,2,6,3,0,4,5,0,10
3409,31,0,0,1,1,36108,339,257,68,141,8,129,3,11,47,7,1,4,3,1,16
7022,44,0,1,1,1,76445,1410,639,2,739,107,309,140,80,35,2,5,13,1,0,8
7943,40,1,1,1,1,36663,35,65,40,18,0,6,3,3,5,1,1,3,1,0,3
5272,50,1,1,1,1,53843,562,367,64,378,0,88,19,4,73,8,5,3,4,0,15
5453,59,1,1,0,0,90226,2352,641,26,1083,108,649,253,151,108,4,7,12,1,1,6
2565,60,1,0,0,0,70638,1334,393,69,1016,12,215,16,12,63,4,5,10,1,1,7
800,55,0,1,1,2,44512,32,303,57,23,1,6,0,0,2,1,0,3,2,0,5
11092,54,0,1,1,2,27116,41,119,78,12,1,21,2,2,3,2,0,3,2,0,9
5062,52,1,1,1,2,54072,39,337,71,35,0,4,0,0,0,2,0,2,1,0,10
8969,38,0,1,1,1,71855,1141,529,59,548,31,422,0,112,28,5,5,11,4,0,8
4656,25,2,0,1,1,51250,710,456,28,342,32,230,34,32,40,10,5,4,5,1,19
4480,42,1,1,1,1,60432,401,112,61,365,3,15,4,3,11,7,2,5,5,0,13
9971,51,1,1,1,1,65526,506,79,22,397,19,69,12,0,9,4,4,8,1,0,6
6729,27,0,0,0,0,68655,1538,688,95,456,19,832,75,118,38,4,5,11,1,0,7
1773,37,2,1,0,0,12393,57,572,38,5,6,15,11,7,13,2,0,3,1,0,11
9242,25,0,0,0,0,64509,1722,316,19,836,185,575,24,25,77,6,3,9,1,1,10
1764,40,0,0,1,1,33955,270,324,92,100,2,128,23,7,10,5,1,5,4,0,13
6215,38,0,1,1,2,31353,31,182,24,10,0,10,3,1,7,1,1,2,2,0,9
10099,31,0,1,1,1,55434,882,267,21,238,115,215,169,69,76,5,3,13,3,0,9
5423,32,0,1,1,1,28359,16,245,35,6,0,5,2,1,2,1,0,2,1,0,8
940,28,0,0,1,1,57100,311,42,9,158,11,99,15,11,17,3,2,7,2,0,6
3011,50,0,1,1,1,69139,227,153,23,86,12,75,33,15,6,4,1,5,1,0,8
3298,59,1,1,1,1,52973,1152,598,92,856,0,76,12,9,199,9,6,9,7,0,17
8286,50,1,1,1,1,51717,122,313,55,98,1,17,0,1,5,3,0,4,1,1,10
9668,44,0,1,1,1,18793,77,533,14,4,16,20,0,17,20,2,0,4,3,0,10
5120,33,2,1,0,0,66664,1289,642,78,398,96,447,220,96,32,5,7,6,1,0,8
6097,56,0,0,1,2,50664,561,529,64,313,8,104,6,4,126,8,1,6,9,0,17
7019,52,0,1,1,2,54414,211,522,49,109,18,16,24,26,18,3,1,5,4,0,7
7408,63,1,1,1,1,54549,233,118,8,216,2,6,0,0,9,5,1,4,2,0,12
8041,44,1,0,1,1,47111,1092,659,35,595,71,153,120,112,41,3,2,10,6,0,12
252,52,1,0,0,0,41003,601,469,11,123,133,142,71,44,88,6,2,8,1,0,12
9986,33,0,1,1,1,19444,54,127,8,16,0,23,3,2,10,4,1,2,3,0,11
3276,39,2,1,1,1,36301,78,247,53,11,12,35,3,5,12,3,0,3,1,0,10
3859,68,1,1,1,1,73059,1095,302,36,410,112,420,0,82,71,9,3,13,1,0,13
3570,46,1,1,1,1,42731,244,251,64,159,2,51,6,2,24,4,1,5,3,0,9
3783,56,1,1,1,2,52854,116,97,43,105,0,10,0,1,0,2,1,4,2,0,7
10207,37,0,1,1,1,22775,15,375,40,5,1,8,0,0,1,1,0,2,1,0,9
10906,67,1,1,1,2,46681,425,264,52,269,15,69,15,19,38,4,6,4,2,0,9
3427,60,1,1,1,1,59821,734,443,11,629,0,70,0,0,35,11,2,7,6,0,19
5209,61,0,0,1,1,50002,638,377,21,443,5,71,21,16,82,8,2,7,2,0,15
10711,70,0,1,0,0,69755,894,270,23,217,77,373,111,23,93,3,6,12,1,0,4
10785,46,0,1,1,2,44078,41,10,17,24,1,10,2,0,4,2,0,3,2,0,7
2814,39,1,1,1,1,30560,31,367,6,9,1,5,4,5,7,1,0,3,1,0,8
6866,46,1,1,1,2,35924,34,98,56,8,0,14,2,3,7,1,0,3,1,0,6
1665,51,1,0,1,2,64140,1750,279,71,1459,0,61,0,15,215,2,5,6,5,3,7
6575,34,0,1,1,2,56386,612,610,51,230,48,214,13,32,75,9,1,7,8,0,18
3829,36,2,1,1,1,24594,29,201,94,1,3,6,10,0,9,1,0,3,1,0,6
3091,34,2,1,1,1,75774,823,58,27,340,21,134,258,14,56,7,5,8,1,0,11
10141,55,1,0,0,0,39228,20,415,1,7,1,6,0,3,3,0,0,3,1,0,4
5177,41,1,1,1,1,58494,396,199,56,298,7,68,4,0,19,6,2,6,2,0,12
7005,34,0,0,0,0,58684,813,13,71,479,35,179,28,7,85,5,3,12,1,1,7
6409,48,0,0,0,0,57136,1179,407,18,267,140,599,34,12,127,7,5,7,1,0,13
7485,65,1,0,1,2,56551,138,53,48,67,4,32,17,2,16,2,1,4,3,0,6
8079,33,0,1,1,1,22448,55,123,86,3,1,8,23,2,18,2,1,3,3,0,5
8395,54,0,0,0,0,82014,1511,678,48,980,37,265,35,163,31,3,6,12,1,0,9
10352,52,0,0,1,2,34213,117,660,2,50,4,28,6,3,26,3,1,2,3,0,12
4931,38,0,1,0,0,157146,1730,426,13,1,0,1725,2,1,1,0,28,0,0,0,1
13,68,1,0,1,1,25358,32,342,57,19,0,5,0,0,8,1,0,3,2,0,7
1834,37,1,0,1,1,35544,67,113,77,30,5,23,4,1,4,2,0,3,1,0,9
2285,61,1,1,1,1,36634,335,397,0,213,9,76,4,3,30,5,2,5,3,0,12
2295,61,1,1,1,1,62670,825,147,57,539,30,92,80,46,38,5,3,13,1,0,8
1378,43,2,1,1,1,50334,694,340,24,284,16,160,84,16,134,7,4,6,6,0,13
2781,34,0,0,0,0,72066,1792,6,55,1003,34,536,134,51,34,4,6,6,1,2,6
1165,57,1,0,1,2,50729,496,423,62,239,13,143,45,4,52,6,2,7,9,0,12
1404,47,0,1,1,2,34916,231,410,89,51,23,82,33,0,42,5,1,3,4,0,14
6457,39,0,0,1,1,64892,902,31,77,527,24,230,32,24,65,6,4,12,2,0,10
2639,49,0,0,1,2,43602,68,170,45,19,5,12,10,3,19,3,1,2,3,0,9
8299,26,1,0,0,0,33996,71,291,46,40,2,15,8,0,6,1,1,3,1,0,5
6437,30,2,0,1,1,41473,76,375,80,21,8,20,15,3,9,2,0,3,1,0,9
6912,48,1,1,1,2,63246,772,313,60,593,30,91,29,22,7,6,3,12,1,0,10
7327,56,1,1,1,2,36732,47,182,71,21,5,3,10,1,7,1,1,4,3,0,3
5299,45,1,1,1,1,69084,1586,222,43,1181,107,199,39,30,30,7,3,13,2,0,15
4127,48,1,1,1,1,77766,1529,492,97,1004,59,265,115,59,27,11,10,11,2,1,17
8143,30,1,0,0,0,37929,265,334,49,202,2,46,3,2,10,4,2,5,2,2,11
1964,64,0,1,0,0,86610,1603,297,66,446,107,768,33,196,53,5,6,6,1,0,7
3690,29,1,1,0,0,80141,2091,534,20,1184,102,673,52,40,40,7,4,10,1,1,13
3433,60,2,1,0,0,72635,981,391,54,390,22,323,104,35,107,6,8,6,1,1,9
3389,45,0,1,1,1,69016,1533,584,61,726,53,363,123,107,161,8,9,13,4,0,13
4712,24,2,1,0,0,20193,82,578,18,8,8,22,24,11,9,1,1,4,1,0,5
1170,40,0,1,1,1,27573,244,461,45,50,15,110,39,15,15,5,1,4,4,0,13
6347,36,2,0,1,1,15862,36,367,26,1,1,4,11,9,10,1,0,3,1,0,9
4065,39,1,1,1,1,49544,404,502,0,308,0,73,0,0,23,5,1,8,2,0,12
8230,35,0,1,1,1,33228,71,157,28,22,2,31,7,4,5,2,0,3,1,0,9
1215,37,0,1,0,0,70440,1572,264,49,690,117,499,76,102,88,5,10,7,1,1,8
5939,44,0,1,1,2,38232,122,163,84,43,5,28,7,6,33,3,1,3,4,0,8
2156,60,1,1,1,2,22554,41,603,38,27,0,10,0,0,4,2,0,4,4,0,7
7788,32,1,1,1,1,23536,10,25,53,6,0,3,0,0,1,0,0,3,1,0,3
10323,63,0,1,1,1,49413,304,247,88,205,7,41,3,2,46,4,2,5,2,0,9
7947,46,0,1,1,2,42231,37,96,99,24,0,8,0,1,4,1,0,3,1,0,6
1891,35,1,0,0,0,78789,1754,690,12,667,50,850,21,83,83,4,6,5,1,0,6
2570,47,0,1,1,1,56534,815,341,35,691,7,61,10,0,46,10,4,7,4,2,18
9256,44,0,0,1,1,58350,1001,541,5,493,26,206,116,80,80,8,3,12,4,0,14
295,26,0,0,0,0,81217,1157,345,77,493,70,324,146,40,84,3,7,11,1,0,4
7397,64,0,0,1,1,49090,688,345,45,494,5,82,7,0,100,7,2,9,3,0,14
6349,28,1,0,0,0,61787,1319,358,71,621,73,414,78,48,85,8,4,6,1,0,13
10790,30,1,1,1,1,18169,21,495,40,9,0,5,0,0,7,1,0,2,1,0,9
10398,34,2,0,1,1,24336,31,671,82,1,6,2,8,2,12,1,0,2,1,0,8
2431,25,0,1,0,0,18222,67,545,70,12,4,19,12,6,14,2,0,3,1,0,10
550,63,0,0,1,1,62335,708,402,87,243,131,217,85,6,26,3,3,13,2,0,5
1890,44,2,1,1,2,42033,25,648,95,11,1,4,2,0,7,1,0,2,1,0,8
10742,32,1,1,0,0,86580,746,487,72,532,21,127,26,20,20,4,2,5,0,1,5
10356,58,1,0,1,2,41437,32,645,5,29,0,2,0,0,1,1,0,3,1,0,8
4676,64,1,0,1,2,73705,1695,116,86,612,91,520,258,107,107,9,6,8,2,0,14
8852,39,0,1,1,1,61064,1080,667,80,387,126,342,0,45,180,8,4,11,5,0,14
3565,60,1,1,1,2,38452,72,91,62,56,0,14,0,0,2,3,0,3,3,0,10
5294,26,0,0,1,1,18358,57,221,49,6,8,19,16,4,4,3,0,4,3,0,10
1958,42,1,1,1,1,55012,660,100,85,582,0,65,0,0,13,8,2,9,6,0,13
7349,42,2,1,1,1,9722,103,635,7,6,17,16,6,16,42,3,1,3,4,0,11
8799,31,1,1,1,1,38175,153,279,6,70,6,69,2,3,3,3,1,4,3,0,10
1351,59,1,1,1,1,58656,1220,647,25,962,12,194,16,24,12,7,8,13,4,1,13
1045,50,0,1,1,1,52117,279,682,55,112,10,107,30,0,20,5,2,4,2,0,12
7732,37,0,1,1,1,64813,745,178,81,293,0,124,179,97,52,7,2,10,1,0,12
8070,42,1,1,1,1,54222,264,120,98,199,12,31,3,12,7,3,3,5,1,0,6
477,29,0,1,0,0,83512,2157,12,31,1060,61,835,80,20,101,4,7,10,1,4,5
7832,56,1,1,1,1,77520,1526,305,30,940,44,396,0,88,58,8,7,7,1,3,12
2202,37,0,1,1,1,41154,69,446,98,44,2,11,2,3,7,1,0,4,1,0,6
7396,49,0,1,0,0,80398,1597,596,92,342,51,936,207,35,26,5,8,12,1,1,8
4055,23,2,0,1,1,18746,64,31,41,2,10,11,12,9,20,3,0,3,2,0,9
10340,31,0,1,1,1,35196,497,593,68,75,12,141,43,39,187,6,1,5,6,0,14
10091,59,0,0,1,1,60230,1067,405,78,520,20,367,39,81,40,6,3,6,2,0,11
7629,38,0,1,1,2,22108,31,52,46,5,3,9,6,2,6,2,0,3,2,0,9
10640,41,0,1,1,2,44392,211,297,71,87,5,71,7,12,29,4,1,4,5,0,11
3498,39,1,1,1,1,55424,877,581,6,462,61,184,10,53,107,7,5,9,4,1,13
6742,36,0,1,1,1,17688,11,532,82,2,2,1,3,1,2,1,0,2,1,0,9
1172,32,1,1,0,0,92491,2034,424,71,979,44,935,29,25,22,7,5,12,1,3,10
569,24,0,0,0,0,90273,1991,197,32,704,129,853,120,74,111,5,6,7,1,3,7
4686,53,1,0,0,0,82571,1686,88,28,861,31,558,62,95,79,6,5,13,0,1,8
1381,33,1,0,1,1,38513,324,152,20,172,3,115,16,0,18,6,1,5,5,0,14
2634,36,1,0,1,1,16653,69,72,10,5,7,31,15,4,7,2,1,3,3,0,8
10905,60,0,1,1,2,42586,252,608,7,194,2,56,0,0,0,4,1,6,5,0,12
1744,50,2,0,1,1,23529,54,538,67,9,7,13,3,2,20,1,1,2,1,0,7
1000,54,1,1,1,2,74881,964,478,48,505,72,270,36,27,54,9,2,12,4,0,14
3828,64,0,1,1,1,71107,1327,497,61,533,10,217,198,174,195,7,6,13,2,0,11
8605,51,1,1,1,2,46910,68,98,36,48,0,14,0,0,6,2,0,3,2,0,8
10304,56,0,1,0,0,18690,60,548,77,6,1,7,23,4,19,1,1,2,1,0,9
4351,60,0,0,1,2,37244,55,428,90,18,2,10,0,0,25,1,1,2,1,1,8
10129,49,0,1,0,0,82427,1456,109,35,482,147,509,104,107,107,3,5,12,1,1,4
2499,57,2,0,1,1,75342,563,419,38,204,97,97,21,118,26,5,2,10,1,0,9
10092,61,0,0,1,1,70044,1504,496,46,1073,0,250,153,14,14,7,10,5,4,0,12
7500,48,0,0,1,2,79146,564,66,33,245,16,223,21,43,16,8,1,8,2,0,14
5796,52,0,1,0,0,77437,1125,215,70,560,21,442,29,44,29,4,5,13,1,1,5
10556,56,0,1,1,1,54984,358,36,51,173,13,131,32,3,6,6,1,6,4,1,13
1064,44,1,1,1,1,42403,42,200,18,22,1,11,0,5,3,1,0,3,1,0,9
48,51,0,1,1,1,55761,184,66,97,136,1,12,0,3,32,4,1,3,2,1,10
7610,32,0,1,1,1,37292,460,437,32,275,0,86,10,23,66,6,3,5,5,0,14
263,70,1,0,0,0,45576,145,32,9,56,19,29,2,14,25,3,1,3,1,0,11
10814,68,0,1,0,0,70321,1376,529,6,303,23,751,82,26,191,6,5,13,1,0,10
9710,46,1,0,1,1,58086,792,525,80,708,7,62,0,0,15,11,3,7,2,0,19
9292,63,0,1,0,0,81795,1382,611,74,324,132,693,27,118,88,4,11,7,1,0,6
10250,68,2,1,0,0,28389,28,586,49,1,5,3,7,4,8,1,0,2,1,0,8
7881,69,1,1,0,0,66835,1033,274,21,620,26,195,34,17,141,6,4,13,1,0,8
5847,46,0,0,1,1,69901,882,396,95,312,21,206,102,92,149,7,3,10,3,0,12
737,66,1,1,0,0,80360,2231,483,56,1493,86,454,112,43,43,4,4,5,2,3,6
3571,54,1,1,1,1,63342,1101,621,48,918,21,118,13,10,21,8,3,5,3,1,14
7807,41,0,1,1,1,44989,369,655,26,98,0,106,49,10,106,5,1,5,5,0,11
3878,35,2,0,1,1,31859,48,122,3,3,4,7,15,8,11,1,0,3,1,0,8
5092,66,1,0,1,1,51569,467,502,39,380,0,47,6,0,34,7,1,7,4,1,15
2154,44,0,0,1,2,30372,44,551,33,15,0,12,7,3,7,2,0,3,3,0,9
5394,36,2,0,1,2,16014,38,469,42,3,9,4,7,8,7,1,1,4,4,0,4
3798,47,0,1,1,2,41120,81,235,80,24,2,23,0,8,24,2,1,3,3,0,8
3524,44,1,0,1,1,39763,167,329,9,80,1,60,4,6,16,5,1,2,2,0,14
5247,60,1,1,1,2,38725,45,50,52,31,0,6,2,1,5,1,0,4,2,0,5
5883,43,0,1,1,1,77981,664,399,78,138,120,204,16,126,60,7,4,7,3,0,12
2118,51,2,1,1,1,62905,622,292,68,166,75,96,119,107,59,7,2,8,3,0,11
8812,36,2,0,1,1,13533,48,476,45,12,3,8,8,0,17,2,0,3,2,0,9
6616,40,0,1,1,1,59481,461,249,47,178,3,85,71,66,58,3,3,8,2,0,5
2797,38,0,1,1,1,72117,1073,313,34,707,20,171,65,60,50,9,7,9,1,0,14
4328,29,2,1,1,1,21955,55,295,81,5,1,7,17,14,11,2,1,3,2,0,8
9167,59,0,1,1,1,67131,976,460,72,465,71,250,93,35,62,9,2,12,3,0,15
10560,35,1,0,1,1,36802,20,13,23,16,1,2,0,0,1,1,0,3,1,0,6
2631,33,0,1,0,0,71853,1149,417,29,358,108,413,141,97,32,2,8,6,1,0,3
8312,54,2,1,0,0,28249,43,14,80,1,9,7,2,14,10,2,0,3,1,0,8
5534,40,1,1,1,1,47808,224,252,30,123,1,26,2,0,72,3,2,3,2,1,10
5093,41,1,0,1,1,25509,101,649,15,40,3,30,10,7,11,3,0,3,3,0,12
7592,69,1,1,0,0,51012,209,437,86,102,9,63,2,9,24,4,1,4,1,0,10
8895,30,0,0,0,0,70596,968,632,68,347,44,534,17,0,26,3,5,12,1,0,5
8584,63,1,1,0,0,85431,1165,386,54,376,53,462,168,53,53,2,7,7,1,0,2
2694,48,0,1,1,1,42664,24,103,44,21,0,3,0,0,0,1,0,3,1,0,7
8910,60,0,1,1,2,42586,252,608,7,194,2,56,0,0,0,4,1,6,5,0,12
7433,30,0,0,1,1,29760,165,669,87,64,4,68,7,5,17,3,1,4,4,0,11
164,38,1,1,0,0,28973,269,624,59,206,0,46,3,2,12,5,1,5,2,0,13
10477,42,1,1,1,1,39435,102,327,16,71,0,18,0,0,13,3,1,2,1,0,10
2681,31,2,1,0,0,65370,461,332,1,71,22,112,138,89,29,2,3,13,1,0,3
5150,36,2,0,1,1,20194,47,559,64,0,4,7,11,10,15,2,0,3,2,0,8
5283,39,1,0,1,2,42473,144,132,72,93,1,21,0,4,25,2,1,4,3,0,7
9645,47,0,1,0,0,64590,1338,623,98,920,138,168,36,46,30,9,4,10,1,0,15
10678,56,0,1,1,1,71232,917,213,91,653,17,170,34,26,17,11,2,10,2,0,18
7261,44,0,1,1,2,34600,318,544,8,199,33,60,8,3,15,5,2,5,5,0,13
9648,48,0,0,1,2,46904,253,603,20,153,4,56,0,9,31,5,1,4,4,0,13
2870,42,0,1,1,1,49094,502,646,6,376,0,38,11,8,69,6,3,6,5,0,12
8008,32,0,1,1,1,36075,119,202,54,46,0,30,12,1,30,2,0,4,1,0,8
1513,36,2,1,1,2,60839,1250,670,72,600,21,128,223,150,128,2,2,12,13,0,10
6173,36,0,1,1,1,77298,969,239,46,425,115,292,23,35,79,6,6,11,1,0,9
1419,65,0,1,1,2,34026,76,328,11,18,6,15,12,8,17,2,1,3,3,0,7
9150,52,1,0,1,2,48918,62,78,21,52,0,9,0,0,1,1,0,4,2,0,5
7960,53,2,1,0,0,82122,1382,318,89,734,22,350,151,25,100,3,9,13,1,1,4
1250,39,0,0,1,1,37697,84,142,82,34,6,21,11,4,8,2,1,3,1,0,8
9905,63,0,1,1,2,34074,255,351,69,135,1,41,10,1,67,3,3,3,5,1,9
10691,55,1,1,1,2,28520,43,380,55,11,0,10,0,2,20,1,1,2,1,0,7
7002,60,0,0,1,1,62535,398,269,13,163,48,90,0,45,52,3,2,8,1,0,6
2952,38,1,0,1,1,36273,76,74,80,29,3,30,3,2,9,3,0,3,2,0,9
8439,51,0,1,1,2,63404,902,23,97,734,26,70,11,44,17,6,3,4,2,1,10
762,34,2,1,1,1,75774,823,58,27,340,21,134,258,14,56,7,5,8,1,0,11
2831,39,0,1,1,1,78416,1179,2,99,453,38,279,188,38,183,7,7,10,2,0,10
6977,41,0,1,1,1,75702,1921,623,87,1073,0,629,145,37,37,10,5,13,1,1,16
6289,64,1,1,1,2,59385,185,427,85,135,0,10,0,4,36,3,1,4,2,0,8
4168,49,0,0,1,2,37070,433,466,30,231,7,137,4,15,39,5,1,8,9,0,12
8397,64,0,1,1,2,44689,34,170,82,18,0,5,0,0,11,1,1,2,2,1,8
9284,57,0,1,1,1,53977,907,386,21,620,16,165,0,24,82,5,5,12,5,0,10
6237,49,1,0,1,2,7144,416,204,92,81,4,33,5,2,291,23,1,1,0,0,23
3130,51,0,0,1,2,18701,44,390,95,12,4,2,10,6,10,2,0,4,4,0,7
1619,59,0,1,0,0,90369,1588,62,2,292,51,981,224,23,17,4,6,6,1,0,5
1990,41,1,0,0,0,63159,1797,601,74,965,34,586,89,86,37,3,5,8,1,1,6
5513,49,0,1,1,2,37758,40,633,49,27,2,10,0,0,1,1,0,3,2,0,9
269,52,1,0,1,1,46757,1143,590,71,777,30,163,0,51,122,4,4,7,6,0,13
8093,46,1,1,0,0,79734,914,1,72,572,8,232,23,62,17,4,3,6,1,1,5
10513,23,0,1,0,0,63207,1502,525,68,438,169,565,91,169,70,2,3,6,1,1,9
10177,61,0,0,1,1,72071,1338,500,4,531,69,300,150,138,150,5,4,8,3,0,7
2549,32,1,1,1,1,21840,27,343,80,17,0,9,0,0,1,1,0,3,1,0,10
5782,33,2,1,1,1,58582,763,274,15,402,35,106,101,77,42,9,2,9,2,1,14
10057,64,0,0,0,0,72282,1331,345,70,503,27,419,90,139,153,5,7,9,1,0,12
10307,59,0,1,1,2,50387,525,302,91,369,9,87,12,14,34,6,2,8,3,0,11
8566,54,1,1,1,2,32583,9,14,10,5,0,3,0,0,1,1,0,2,1,0,8
2415,53,0,1,1,1,62568,953,83,99,362,17,398,80,35,61,5,3,5,3,1,9
5684,44,1,0,1,2,44635,68,261,25,56,0,9,0,0,3,2,0,3,2,0,9
8334,44,1,0,1,2,33316,131,268,34,79,1,31,4,4,12,2,1,4,3,0,8
9166,47,0,1,1,1,63967,882,324,57,387,84,141,73,35,162,4,4,12,3,0,6
1440,37,2,1,0,0,52513,1149,663,84,367,17,241,104,188,232,9,5,9,2,0,16
78,46,0,1,1,1,25293,37,287,51,15,0,11,0,2,9,1,1,2,1,0,9
5441,50,1,0,1,1,54111,388,308,97,267,6,54,8,3,50,5,2,6,2,0,10
5302,29,0,1,0,0,78394,1428,499,13,298,27,697,216,24,166,4,6,5,1,0,6
4687,57,1,1,0,0,80739,1633,402,92,674,92,736,39,0,92,3,11,9,1,0,4
1087,40,1,1,1,1,22669,173,403,30,16,14,36,37,22,48,4,1,2,3,0,13
6859,28,0,0,1,1,29236,99,264,30,37,4,24,16,9,9,4,0,3,2,0,13
9860,56,0,1,1,1,44911,215,471,11,159,0,22,2,1,31,4,1,4,3,0,11
7129,53,1,1,1,1,54693,929,497,72,686,17,142,23,26,35,6,4,13,8,0,12
5866,41,0,1,1,1,48186,219,101,39,97,3,66,12,7,34,4,1,4,3,0,11
10521,38,0,1,1,2,54809,174,291,0,63,6,57,13,13,22,2,1,5,4,0,6
7393,37,0,1,1,2,41580,92,566,15,56,5,24,4,0,3,2,1,3,3,0,7
7849,45,1,1,0,0,80336,1052,293,12,209,19,456,160,142,66,2,9,13,1,0,3
332,58,0,1,1,1,47743,275,464,56,198,2,43,0,12,20,4,1,6,3,1,10
9847,60,2,1,1,1,62972,587,695,39,313,15,47,20,0,192,7,4,3,2,0,13
531,61,1,0,1,1,57333,1662,645,55,941,14,397,76,58,176,8,5,9,11,0,14
9576,33,1,1,1,1,32313,159,503,60,86,4,56,2,4,7,4,0,4,3,0,13
6906,62,1,0,0,0,84953,1024,391,73,167,48,602,63,72,72,3,10,4,1,3,5
7419,47,1,0,1,1,27071,35,67,90,8,3,19,0,2,3,2,0,3,2,0,8
3170,58,1,1,0,0,68148,1042,302,86,389,66,408,37,57,85,4,4,6,1,0,6
8527,50,1,1,1,2,65735,395,204,37,239,7,119,4,15,11,6,2,6,5,0,13
7872,40,1,1,0,0,86836,557,655,7,179,21,273,0,21,63,6,10,6,1,3,11
9931,52,1,1,1,2,4023,9,6,29,5,0,1,1,1,1,0,0,0,15,0,19
10595,25,0,1,0,0,30093,69,356,19,2,6,28,13,4,16,2,0,3,1,0,9
4609,49,1,1,1,1,57705,486,169,14,383,0,53,6,4,40,8,1,6,3,0,14
5010,27,0,0,1,1,25008,34,147,72,2,8,8,6,1,9,1,0,3,2,0,9
4427,20,2,0,0,0,83257,1365,649,56,536,27,590,38,107,67,5,10,12,1,2,11
11148,40,0,1,1,1,22280,13,406,85,2,1,4,3,1,2,1,0,2,1,0,9
1168,37,1,1,0,0,72159,1401,608,62,322,53,899,34,40,53,4,6,10,1,0,6
9595,54,0,1,0,0,64260,1574,534,1,539,169,816,20,0,30,4,5,4,1,0,7
10163,31,1,0,0,0,82733,1323,292,28,712,50,420,65,38,38,8,4,7,1,0,12
2886,44,1,0,1,1,74290,1217,321,70,1121,0,72,0,12,12,10,8,10,4,2,16
6710,64,1,0,1,3,58217,103,589,84,68,1,13,3,5,13,2,0,4,1,0,8
5316,39,1,1,0,0,21024,84,360,89,36,4,18,6,2,18,2,0,4,1,0,9
9029,43,1,1,0,0,70116,1536,519,73,707,44,603,95,58,29,2,8,12,1,0,3
521,30,0,1,1,1,54006,581,649,42,174,77,203,6,24,97,8,1,7,2,0,15
1459,49,1,1,1,1,69063,928,599,16,666,35,124,69,8,26,5,3,5,1,0,8
10241,40,2,0,0,0,11448,14,196,16,0,0,0,6,2,6,1,0,2,1,0,7
1630,36,0,0,1,1,61825,424,326,56,162,50,100,55,30,27,4,2,8,1,0,8
3254,44,0,1,1,1,70886,960,258,65,407,70,239,103,88,53,5,4,4,1,0,7
9064,33,0,1,0,0,69109,1555,597,10,823,25,459,124,29,95,6,6,7,1,1,10
3678,42,0,0,1,2,60208,656,630,13,488,23,71,15,0,59,8,3,7,11,1,15
4227,47,1,1,1,2,32889,55,296,78,28,0,13,4,2,8,2,1,3,3,0,7
9467,31,0,0,1,1,34738,20,49,51,3,2,10,3,0,2,1,0,3,1,0,7
8486,44,1,1,1,1,30538,367,636,27,284,0,52,8,3,20,9,0,4,4,0,19
2186,38,2,1,0,0,82326,2257,111,30,938,142,754,159,81,183,5,10,6,1,3,7
3286,48,1,0,1,1,26642,42,120,71,13,2,15,2,2,8,2,0,3,2,0,8
8602,51,0,0,1,1,69932,1049,382,97,412,172,153,150,105,57,7,6,11,2,0,11
3722,43,0,0,1,2,44503,48,74,83,31,1,8,0,0,8,2,0,3,2,0,8
6715,67,1,0,1,1,60200,685,543,3,502,19,132,0,6,26,6,2,11,6,0,12
4796,63,0,0,1,1,49638,39,71,71,18,10,3,3,5,0,1,0,3,1,0,3
9612,28,2,0,0,0,23830,43,142,3,1,8,6,4,8,16,1,0,3,1,0,8
3766,56,1,0,0,0,33051,835,682,15,100,71,243,108,94,219,9,1,8,3,0,18
1399,57,0,1,0,0,72905,1515,159,52,407,114,445,181,165,203,3,7,9,1,1,4
1570,64,1,1,1,1,69702,1039,495,8,664,9,240,50,19,57,7,7,10,2,0,11
3426,40,0,0,1,1,70300,1596,349,89,1045,61,338,60,46,46,5,5,13,3,0,13
3074,31,1,1,0,0,70643,1828,622,66,1218,107,304,23,143,33,5,8,4,1,0,11
8341,46,1,1,1,1,30396,34,60,22,15,0,6,0,1,12,1,1,2,2,1,8
5180,47,1,0,1,1,50616,149,72,56,128,0,16,0,1,4,4,0,4,2,0,11
6461,46,1,0,1,1,62772,946,406,74,581,49,157,43,8,108,5,6,11,1,1,7
7679,30,1,0,0,0,30298,28,41,48,6,3,12,6,1,0,1,1,3,1,0,4
10702,31,0,0,1,1,52413,450,603,67,185,8,133,56,56,12,7,1,7,2,0,14
7505,58,1,1,1,2,44155,46,161,24,22,1,9,0,0,14,1,1,2,1,0,5
5113,44,1,0,0,0,86979,1702,234,67,584,100,835,65,83,35,5,5,5,1,1,7
10858,40,0,1,1,2,76532,820,293,38,355,30,177,90,138,30,9,5,7,4,0,14
2961,33,0,1,1,1,42081,382,488,86,175,10,110,54,6,27,6,3,4,2,1,12
2747,27,1,1,0,0,67546,2126,667,90,864,134,768,150,38,172,4,10,5,1,0,7
3010,26,1,1,0,0,88420,2069,58,87,957,153,612,99,95,153,4,7,8,1,3,5
5790,30,0,1,1,1,31158,72,518,62,25,6,16,20,0,5,2,0,3,2,0,10
6892,47,0,0,1,1,61671,732,26,23,641,7,56,0,0,28,10,4,6,8,2,18
1743,41,0,0,0,0,69719,801,34,99,273,86,208,177,14,43,2,3,5,1,0,3
3578,66,0,0,1,1,49160,236,252,29,122,21,43,25,10,15,3,1,6,2,0,9
8462,37,2,1,1,1,24882,80,658,52,1,4,10,29,0,36,1,1,2,1,1,7
5558,61,1,0,0,0,90933,1685,90,90,1020,31,430,62,63,79,4,6,4,1,1,5
4619,70,1,0,0,0,113734,277,32,9,6,2,3,1,262,3,27,0,0,0,0,28
8780,65,1,1,1,1,59292,507,381,71,378,14,68,19,14,14,3,5,8,2,0,6
10789,51,1,1,1,2,45759,68,491,13,42,1,18,3,0,4,2,0,3,2,0,9
10779,32,0,0,0,0,22148,49,77,16,15,5,14,0,4,11,1,0,3,1,0,8
5896,28,1,1,0,0,73395,397,103,94,272,7,80,20,7,11,4,4,6,1,0,6
2337,44,0,0,1,1,29819,39,248,77,9,1,24,2,1,2,3,0,3,3,0,9
10951,47,0,1,1,1,45688,306,155,20,279,0,18,0,0,9,3,1,8,2,1,7
544,61,0,1,0,0,62820,976,414,51,398,61,265,138,61,53,3,4,6,1,0,4
17,44,1,1,1,1,60491,1028,296,81,637,47,237,12,19,76,6,11,7,4,0,11
10680,29,0,1,1,1,33235,70,144,71,45,0,16,2,1,6,3,0,3,1,0,10
3265,56,0,1,0,0,35701,46,467,36,21,1,9,7,3,5,1,0,3,1,0,7
5623,35,1,1,1,1,31535,51,276,95,15,4,13,0,0,19,1,1,2,1,1,8
5832,55,2,1,0,0,92556,1263,70,32,493,183,352,184,23,28,3,5,13,0,0,3
5544,45,0,0,1,1,67384,1490,596,32,957,40,175,158,53,107,7,8,5,2,1,12
6417,44,1,1,0,0,80573,1564,623,85,829,138,430,60,92,15,4,6,13,1,0,6
5831,48,0,1,1,1,77870,1815,676,93,1017,50,500,65,50,133,5,5,5,3,2,13
7101,52,1,0,1,1,52278,1198,520,24,953,0,71,0,0,174,10,5,10,6,0,18
10176,47,0,0,1,1,57107,416,674,44,159,0,120,0,0,137,4,4,8,7,2,12
2326,25,0,1,0,0,18929,85,498,15,32,0,8,23,4,18,1,0,4,1,0,7
4385,34,1,0,1,1,36038,47,394,82,23,0,15,0,2,7,3,0,3,2,0,9
2929,39,0,0,0,0,20180,137,494,27,18,42,24,15,20,18,2,1,4,1,0,9
10686,50,1,1,1,2,34230,21,550,72,15,0,4,0,0,2,1,0,2,1,0,8
2546,38,2,0,1,1,31878,70,7,7,23,4,5,10,5,23,1,0,4,1,0,4
3283,43,2,1,1,1,70932,909,161,57,200,193,100,46,185,185,6,2,12,2,0,9
3138,59,0,0,0,0,91249,1676,617,84,1324,27,119,71,108,27,7,9,6,0,4,11
4994,72,1,0,0,0,77598,1735,271,53,1193,33,281,129,66,33,7,5,13,1,1,10
7966,56,0,0,1,2,80982,1191,537,48,505,137,401,104,22,22,11,5,11,3,0,16
3112,38,1,1,1,1,22701,24,297,2,2,4,9,0,4,5,1,0,3,1,0,6
10872,46,1,1,1,1,55212,1182,583,65,1103,0,45,0,0,34,4,2,11,3,2,12
2181,45,0,1,0,0,70617,1280,371,45,353,61,753,40,46,27,3,3,7,1,0,5
1867,58,0,0,0,0,64849,1336,593,42,652,48,350,94,84,108,9,3,6,1,0,14
1518,50,1,1,1,2,62694,749,377,29,379,6,157,25,91,91,9,3,7,5,0,16
5734,41,1,1,1,2,61917,91,221,83,46,4,36,2,2,1,2,0,4,1,0,7
2878,68,1,1,1,1,67472,414,274,93,162,31,127,8,17,69,4,2,7,2,0,7
1458,33,1,1,1,1,21059,44,173,40,8,3,19,3,3,8,3,0,3,3,0,9
7007,47,1,1,1,2,29543,63,89,47,17,3,18,3,4,18,3,1,2,2,0,10
6200,64,0,1,1,1,75903,901,447,50,340,108,185,130,38,100,6,6,9,2,0,9
1403,40,2,1,1,2,34984,38,661,40,8,4,15,3,5,3,1,0,3,2,0,8
4827,59,1,0,1,1,54998,455,476,3,154,22,202,39,30,8,4,2,9,5,0,8
6250,66,1,0,1,1,54356,775,587,62,710,15,30,20,0,0,11,2,8,3,0,19
9291,56,1,1,1,1,34242,15,98,25,8,2,4,0,0,1,0,0,3,1,0,5
2478,42,0,1,1,1,25410,38,302,48,2,2,4,13,13,4,1,0,4,1,0,5
1139,31,1,1,0,0,73356,1512,143,56,1050,14,322,0,14,112,5,11,5,1,3,7
5138,65,0,1,1,1,28320,43,531,68,19,1,14,3,2,4,1,0,3,1,0,9
5393,38,0,0,1,1,23763,42,691,64,22,0,6,6,2,6,1,0,3,1,0,8
10413,31,0,1,0,0,72570,1089,65,67,274,83,216,151,141,224,4,6,12,1,0,5
5015,39,1,1,1,1,34529,162,653,94,68,6,38,3,6,41,2,2,3,2,0,9
10868,64,0,0,0,0,70792,1272,508,82,344,45,654,104,11,114,3,4,10,2,0,6
10676,33,0,1,0,0,63211,1173,604,3,145,193,459,205,26,145,3,8,7,2,0,5
2495,41,1,1,1,1,83891,816,9,24,217,38,350,111,85,15,4,7,10,1,0,5
7842,47,0,0,1,2,36065,74,455,54,18,7,34,10,2,3,3,0,3,3,0,11
9955,61,0,1,1,1,39898,134,502,20,69,8,26,12,7,12,3,0,4,2,0,10
6663,75,1,0,0,0,51141,157,356,96,144,0,7,0,0,6,3,1,4,1,0,8
2162,39,0,1,1,1,56939,561,284,19,256,34,103,90,29,49,3,3,10,2,0,6
3434,64,0,0,0,0,80872,1336,48,60,483,72,567,94,12,108,4,4,10,1,0,5
7919,39,1,1,0,0,72335,2092,685,2,1285,105,653,28,21,0,10,4,8,1,0,18
5626,51,1,0,0,0,61798,463,218,13,338,4,89,11,8,13,4,2,9,1,0,8
6428,65,1,0,0,0,76842,1130,57,37,605,10,345,84,54,32,1,8,7,1,0,1
8514,39,0,1,1,1,29478,20,163,59,8,0,7,3,1,1,1,0,3,1,0,7
10448,59,0,0,1,1,46998,377,615,55,172,41,86,45,6,27,5,3,5,5,1,12
2109,25,0,0,0,0,96843,1544,432,60,448,71,951,40,17,17,6,11,10,1,1,8
7530,65,1,0,1,2,56551,138,53,48,67,4,32,17,2,16,2,1,4,3,0,6
8925,50,1,1,1,1,70053,1012,361,38,512,53,98,81,179,89,8,5,10,3,0,13
3009,53,1,0,0,0,71670,1766,355,8,1462,16,128,0,0,160,5,3,6,1,3,11
6355,37,0,1,1,2,44359,45,12,19,20,0,14,7,3,1,2,0,4,3,0,5
3517,63,0,0,1,2,40887,161,419,32,50,4,44,10,10,43,3,1,3,3,0,12
1158,49,0,0,1,1,48877,144,175,27,102,1,15,2,0,24,3,0,4,1,0,10
6203,68,0,1,0,0,74485,1734,309,58,499,149,815,173,49,49,6,7,12,1,0,9
7165,43,0,1,1,1,64474,823,250,59,381,35,172,56,86,93,8,2,10,2,0,13
3595,52,0,1,1,1,77226,1138,121,29,631,43,239,128,76,21,6,8,12,2,0,9
8537,66,0,0,0,0,72643,1429,487,60,526,80,553,123,94,53,3,10,7,1,1,5
4331,37,1,1,0,0,85738,1371,157,41,913,26,376,17,26,13,3,6,11,1,2,4
6281,49,0,0,1,1,55686,982,500,27,673,0,199,37,47,26,6,3,5,2,1,10
4338,32,0,0,1,1,39062,44,96,28,23,0,9,0,0,12,1,0,3,1,1,5
2452,44,0,1,1,2,34600,318,544,8,199,33,60,8,3,15,5,2,5,5,0,13
9507,40,0,1,1,1,40794,434,448,18,261,23,73,4,23,50,6,3,5,2,0,13
8360,44,2,1,1,2,54690,198,234,76,111,16,37,7,9,18,3,1,5,3,0,6
10311,46,0,1,1,1,4428,359,267,0,16,4,12,2,4,321,25,0,0,0,0,26
5117,52,2,1,0,0,32632,576,696,32,63,151,137,153,19,53,4,4,8,2,0,9
4867,47,1,0,1,2,38236,88,282,2,58,0,18,2,0,10,3,0,4,4,0,10
9289,36,0,1,1,1,36781,63,80,16,29,1,17,0,3,13,2,1,2,1,0,10
10913,31,1,0,1,1,31385,27,571,56,3,2,12,0,1,9,1,0,2,1,1,9
3032,31,0,1,1,1,24570,193,487,97,28,34,62,11,14,44,4,0,4,3,0,13
8524,41,1,0,1,1,25509,101,649,15,40,3,30,10,7,11,3,0,3,3,0,12
3334,64,0,1,0,0,94642,2211,137,35,879,143,797,106,143,143,5,7,9,0,2,6
4470,53,1,1,1,1,58646,140,384,3,62,1,44,6,5,22,2,1,4,1,0,6
1406,40,0,0,1,2,53201,415,502,49,280,7,81,20,0,27,6,3,5,8,0,13
8619,58,0,1,1,1,21994,22,552,4,9,0,6,3,1,3,0,0,3,1,0,5
10821,37,0,1,1,2,57113,263,508,45,182,4,33,0,2,42,4,1,5,6,0,11
4552,24,0,1,0,0,51373,393,372,37,83,2,101,64,26,117,3,5,3,1,0,7
898,29,0,1,1,1,23477,147,251,39,38,15,54,3,8,29,3,0,4,3,0,11
9797,59,0,1,1,1,58116,443,77,38,228,19,130,4,11,51,3,3,8,2,0,5
10949,52,1,0,0,0,72968,1958,195,8,1092,37,592,145,37,55,5,5,8,1,1,8
8212,44,1,1,1,1,39791,174,458,89,85,15,27,13,13,21,3,1,4,2,0,10
6248,68,1,0,0,0,91712,2217,255,47,1276,24,746,94,29,48,9,7,11,0,1,12
10164,57,0,0,1,1,94472,1691,87,75,1017,33,417,108,100,16,5,5,5,1,2,10
4547,55,0,1,1,2,13672,25,438,86,6,2,9,2,1,5,1,0,3,2,0,9
6815,35,2,1,0,0,96547,809,37,4,448,21,125,52,101,62,7,6,8,0,3,9
4122,40,0,1,0,0,79205,895,669,73,504,23,117,179,28,44,6,5,4,1,1,10
10841,40,1,1,1,1,56559,484,551,46,226,22,133,41,31,31,4,3,8,3,0,8
5370,42,1,1,1,1,32644,413,529,38,239,3,141,0,7,23,7,1,6,4,1,15
176,35,2,0,1,1,67506,331,178,73,90,38,67,33,36,67,4,1,6,1,0,7
4860,45,0,0,1,1,24206,25,478,66,7,2,8,3,2,3,1,0,3,1,0,7
10757,48,1,0,1,1,28420,13,187,36,4,2,5,2,0,0,1,0,2,1,0,7
4023,45,0,1,1,1,22979,115,661,29,16,17,19,20,21,22,3,2,2,3,0,11
6679,49,0,0,0,0,33279,16,17,29,10,3,3,0,0,0,0,0,3,1,0,3
9923,43,1,0,1,2,46423,92,284,6,68,0,16,0,0,8,2,0,4,3,0,9
7181,38,0,1,1,1,30368,52,234,97,35,0,13,2,0,2,2,0,3,2,0,10
3599,45,0,1,1,1,63684,1464,580,61,575,80,428,208,93,80,8,4,8,3,0,13
405,51,0,0,1,1,41638,441,501,68,315,0,31,4,0,91,5,5,3,4,1,13
6870,56,1,0,1,1,68805,283,285,73,182,2,49,17,13,20,3,1,7,1,0,5
832,49,1,1,1,1,65814,747,119,90,561,14,113,10,14,35,8,2,10,3,0,13
2002,57,0,0,0,0,71964,1870,405,81,587,51,932,180,34,86,5,6,5,1,0,8
3657,29,0,0,1,1,39146,165,500,1,94,1,33,13,12,12,4,0,4,3,0,12
500,38,0,1,0,0,96876,1941,327,79,908,43,735,40,194,21,7,7,9,1,3,9
1951,34,2,1,0,0,34445,839,518,92,228,122,122,208,129,30,11,2,8,6,0,20
3262,57,0,0,0,0,68281,1655,691,31,995,112,417,42,48,41,2,9,13,1,0,7
4102,40,2,1,1,2,37284,23,457,46,11,1,2,2,1,6,0,0,3,1,0,6
7042,32,0,1,0,0,36790,66,485,14,3,3,14,15,21,10,2,1,2,1,0,11
10598,48,0,1,1,2,27943,37,440,89,12,1,16,4,1,3,2,0,3,3,0,10
255,64,0,0,1,2,22263,21,91,31,17,0,2,0,0,2,1,0,3,2,0,7
2375,43,0,1,1,3,30261,22,642,75,8,0,5,0,3,6,0,0,3,1,0,8
9829,37,0,1,1,1,28587,78,137,42,22,4,17,12,10,13,2,0,4,3,0,8
6214,33,1,1,1,1,43815,79,450,53,14,10,29,4,7,15,2,0,3,1,0,8
4954,59,0,1,1,2,48195,265,159,53,106,27,68,52,7,5,4,2,5,6,0,10
7861,63,1,1,1,1,77027,1175,144,23,820,57,242,45,0,11,8,3,6,2,0,12
4837,50,1,1,1,1,71322,1305,498,57,753,43,226,69,10,204,8,5,13,2,0,12
9423,36,1,1,1,1,32765,46,126,49,13,3,17,7,3,3,2,0,4,2,0,7
4198,50,0,1,1,2,29672,25,474,6,9,1,3,0,4,8,0,0,3,1,0,6
153,62,0,0,0,0,23272,46,255,29,19,3,6,4,2,12,1,0,3,1,0,5
9323,66,1,1,1,1,49912,874,660,5,520,8,223,32,49,42,10,5,7,4,1,18
10001,30,2,1,1,1,7500,100,697,98,5,17,17,13,14,34,2,1,3,4,0,11
3945,68,1,0,1,1,68117,930,476,80,618,44,215,0,17,36,11,8,4,2,1,17
3799,60,0,1,1,1,67225,868,215,4,315,35,322,46,7,143,7,2,11,3,0,12
8625,39,0,1,1,1,17649,45,229,70,15,1,23,0,5,1,3,0,3,3,0,11
3491,40,0,1,1,1,55914,1260,426,32,384,60,364,119,101,232,11,6,8,4,0,18
983,31,0,1,1,1,40059,414,274,82,110,29,92,28,10,145,6,2,3,1,1,14
9119,65,0,1,1,1,60905,392,206,27,208,17,76,36,17,38,3,3,7,2,0,5
4786,38,0,1,1,2,75330,1109,633,94,555,82,257,93,61,61,10,3,12,4,0,16
5872,64,0,0,1,1,60689,639,393,23,240,90,216,63,6,24,4,4,10,4,0,7
6568,31,0,1,1,1,38680,79,458,97,11,0,36,15,5,12,2,0,3,1,0,9
5628,33,0,1,0,0,61416,1665,506,25,848,154,323,201,61,78,10,3,10,1,1,16
5631,24,0,0,0,0,49767,692,423,92,202,47,197,55,42,149,5,4,8,1,0,9
4974,45,0,0,1,3,83273,1392,642,98,433,89,650,16,102,102,4,6,9,10,0,11
8416,34,0,1,1,1,29009,44,212,19,6,6,15,10,5,2,2,0,3,2,0,8
5454,36,1,1,1,1,45057,50,210,80,37,0,7,3,0,3,2,0,3,1,0,7
4095,44,0,1,1,1,37150,467,656,80,167,37,64,49,34,116,4,3,6,8,0,11
5474,45,0,0,1,1,43020,223,211,79,45,7,99,4,25,43,4,1,4,3,0,10
4268,56,0,1,1,1,53154,158,20,50,129,0,21,0,1,7,3,1,4,1,0,7
10701,42,0,1,0,0,65308,1211,291,60,713,0,264,120,80,34,7,8,12,1,2,11
3507,45,0,0,1,1,76467,1575,681,44,676,161,426,210,44,58,2,5,5,2,0,8
2079,68,2,1,0,0,81044,1208,184,0,450,26,535,73,98,26,5,6,10,1,0,6
626,64,0,1,1,2,32871,43,477,28,22,2,12,0,2,5,1,0,3,1,0,5
4426,40,0,0,1,2,55801,527,280,35,367,4,51,6,4,95,7,2,6,6,1,14
2591,56,0,0,1,1,76320,932,7,49,526,35,214,69,53,35,6,3,4,2,0,8
10509,60,1,0,1,2,36927,71,27,46,51,0,16,0,0,4,3,0,3,2,0,11
6382,62,0,1,1,2,48794,54,3,97,25,0,11,3,0,15,1,0,3,1,0,5
6673,50,0,0,0,0,23478,129,467,51,28,6,27,12,17,39,3,0,3,1,0,11
7441,42,0,0,1,1,71128,1615,631,80,958,159,447,20,0,31,2,10,12,3,0,9
1071,39,1,0,1,1,70179,1034,343,10,532,88,168,69,44,133,7,3,13,3,0,12
10061,65,0,1,1,1,59462,1088,540,29,724,17,143,0,8,196,9,2,12,2,0,16
8775,46,0,1,1,1,38361,137,184,74,39,0,56,20,8,14,3,1,3,3,0,10
2345,33,1,1,0,0,70038,1244,247,54,587,54,348,71,54,130,4,4,8,1,0,6
322,37,0,1,1,2,42554,41,533,93,29,1,11,0,0,0,2,0,3,2,0,6
10897,41,0,1,1,1,67445,1174,686,63,757,80,217,29,80,11,9,6,12,5,0,15
123,64,0,0,1,1,67046,993,539,92,544,35,133,23,151,107,4,5,4,2,0,6
6103,67,0,1,0,0,42192,100,296,40,40,15,15,17,6,7,2,1,3,1,0,6
7899,63,1,1,1,1,77610,1680,608,70,1245,33,332,21,33,16,4,7,4,2,0,11
10500,31,0,1,1,1,31761,98,85,96,19,1,20,16,14,28,3,0,4,2,0,8
1655,36,0,1,1,1,34350,48,253,81,16,3,15,2,1,11,1,0,3,1,0,8
2406,66,0,1,1,1,54591,519,328,63,376,4,94,12,9,24,6,2,8,3,0,11
2712,59,0,1,1,1,71866,715,186,85,184,178,178,103,39,33,6,3,10,1,0,9
5517,46,0,1,1,1,25293,37,287,51,15,0,11,0,2,9,1,1,2,1,0,9
10643,28,1,0,0,0,42000,653,535,23,124,83,267,85,59,35,5,2,11,2,0,10
2254,32,0,1,0,0,69520,1455,357,95,627,120,414,121,80,93,9,6,5,1,0,14
10281,45,0,0,1,1,64713,602,142,11,180,60,241,13,54,54,5,5,7,2,0,9
6958,38,1,1,1,1,27889,26,359,42,14,0,4,0,0,8,1,1,2,1,0,7
954,55,2,0,0,0,22123,102,94,77,3,3,24,34,7,31,2,1,3,1,0,7
4643,42,0,1,1,1,27803,176,672,40,8,26,46,38,9,49,3,0,4,2,0,11
6497,55,0,1,1,1,51651,433,599,32,293,6,23,13,6,92,6,2,5,4,0,14
5396,27,0,1,0,0,68487,1366,532,48,758,12,385,33,89,89,9,7,13,1,0,13
1052,46,0,1,1,1,56796,1001,498,24,656,38,161,62,47,37,8,9,7,3,0,15
2802,23,2,1,0,0,87000,961,561,61,196,25,607,67,17,49,4,6,7,1,0,6
6343,56,0,1,1,1,79823,1518,90,6,835,73,380,114,73,43,6,9,7,1,1,8
6507,35,0,0,1,1,30828,56,268,16,16,11,15,2,0,12,1,1,4,2,0,4
7901,44,1,1,1,1,34109,22,235,39,9,1,5,2,1,4,0,0,3,1,0,4
4865,41,1,0,1,2,53367,400,302,2,229,7,140,10,3,11,5,1,8,7,0,12
2686,46,2,1,0,0,22390,26,251,49,0,1,4,15,1,5,1,0,2,1,0,8
3107,39,0,1,1,1,71322,350,58,31,121,24,124,24,15,42,4,1,7,1,0,6
7734,22,0,0,0,0,79244,1216,557,58,471,102,125,212,61,245,4,10,7,1,2,5
1146,66,1,1,1,1,49912,874,660,5,520,8,223,32,49,42,10,5,7,4,1,18
11031,65,1,1,1,2,48699,40,404,90,26,1,10,2,0,1,1,0,3,1,0,6
7428,40,0,1,0,0,80144,1367,272,47,240,132,445,250,192,108,3,7,8,1,0,4
975,59,0,0,1,2,54252,264,397,25,178,4,26,8,4,44,4,1,5,5,0,10
1103,39,1,1,1,1,81929,2053,638,60,1486,55,278,49,0,185,4,4,10,2,2,10
3422,40,0,1,1,1,76068,1376,577,67,1115,12,128,33,12,76,2,3,4,1,2,8
1055,39,1,1,1,2,53204,45,101,40,29,0,8,2,0,6,1,0,3,1,0,5
6544,66,1,1,1,1,67911,976,38,63,529,0,356,63,28,0,6,7,11,3,0,9
1241,31,2,1,1,1,14796,51,650,1,13,3,8,7,4,16,1,0,3,2,0,10
2909,41,1,1,1,1,78128,1264,130,89,934,24,230,16,24,36,8,4,6,2,2,11
5802,43,2,1,0,0,14188,75,486,40,2,7,11,16,12,27,2,0,4,1,0,8
1407,29,2,1,1,1,20425,57,608,5,4,12,5,3,16,17,2,0,3,2,0,9
6183,53,1,1,1,1,58646,140,384,3,62,1,44,6,5,22,2,1,4,1,0,6
340,45,0,0,1,1,72967,497,561,1,158,35,179,0,0,125,7,2,8,2,1,12
5991,66,1,1,1,1,48150,266,386,24,173,2,39,3,2,47,5,1,4,3,0,12
3104,54,0,0,0,0,82332,2006,650,89,830,59,968,51,79,19,5,3,12,1,1,7
9729,60,0,0,1,2,58275,615,392,48,189,10,253,56,43,64,8,2,7,6,0,15
1008,34,1,1,0,0,44953,1021,555,31,728,17,133,11,8,124,7,3,13,1,1,13
11091,62,0,1,1,2,34587,22,44,68,7,2,9,2,0,2,1,0,3,2,0,5
3969,41,1,1,1,1,43018,133,240,46,35,4,17,7,6,64,2,2,2,1,0,7
1916,61,1,1,1,1,45736,437,340,92,188,3,180,20,3,43,7,1,6,5,0,14
9907,46,1,1,1,1,66476,1013,207,80,742,28,152,25,9,57,6,8,10,2,0,10
87,34,2,1,1,1,27733,57,307,16,0,7,5,26,2,17,2,0,3,2,0,9
8659,63,1,1,1,1,69805,1038,159,50,750,71,174,13,10,20,6,8,11,2,0,8
6262,53,1,0,0,0,72217,1573,445,93,816,42,450,55,56,154,3,10,8,1,0,5
6147,44,0,0,1,1,25818,28,619,51,5,2,8,2,2,9,0,1,2,1,0,7
8832,39,1,1,1,1,37509,123,655,24,37,5,56,12,8,5,3,0,4,2,0,10
10067,39,2,1,1,2,25176,13,323,79,4,0,4,0,0,5,1,0,2,1,0,8
7532,35,0,1,1,1,43586,132,668,26,99,2,11,4,0,16,3,0,4,3,0,11
4915,59,2,1,1,1,53230,732,695,86,176,72,98,136,21,229,5,2,12,4,0,10
2115,58,0,1,1,2,50116,66,9,68,54,0,10,0,0,2,1,0,4,2,1,6
2088,43,0,1,0,0,84906,1631,268,98,997,15,414,99,30,76,5,6,12,1,3,7
2493,49,0,1,1,1,61286,608,331,34,356,0,107,19,9,117,7,1,8,2,0,12
6292,29,1,1,0,0,82333,1822,456,60,1311,0,359,46,89,17,4,3,10,1,1,6
1631,50,1,1,0,0,65220,1282,664,3,890,63,292,0,25,12,8,4,7,4,0,14
10104,41,0,1,1,3,33590,8,238,65,4,0,2,0,0,2,1,0,2,1,0,8
3006,39,0,0,1,1,30992,43,433,83,17,0,14,7,3,2,1,0,3,1,0,8
3919,39,1,0,0,0,72309,1931,475,64,960,0,883,50,38,0,5,6,8,1,1,8
11181,66,1,1,0,0,156924,8,304,85,2,1,2,1,1,1,0,0,0,0,0,0
642,35,2,1,1,1,16005,103,684,69,1,3,2,20,30,47,2,1,2,3,0,10
4369,58,1,0,0,0,65487,1169,170,48,240,67,500,199,0,163,3,5,6,3,0,5
10127,50,0,1,1,1,58692,395,84,21,301,11,61,4,7,11,8,2,4,1,0,15
271,46,0,0,1,2,40590,258,270,30,154,0,50,6,11,37,3,4,3,5,1,9
4973,45,0,0,1,1,20587,25,49,39,2,3,6,4,1,9,1,1,2,1,0,8
2948,61,1,0,1,1,62637,185,120,76,104,12,48,4,12,5,2,2,5,1,0,4
2715,49,1,0,1,2,29435,180,692,11,70,3,37,4,2,64,3,2,2,4,0,12
10432,41,0,0,1,1,19346,22,150,26,2,0,9,3,6,2,1,0,3,1,0,9
9216,44,0,1,1,2,35788,44,157,34,23,2,11,3,1,4,2,0,3,2,0,8
7124,47,0,0,1,2,36997,94,513,72,43,4,12,8,0,27,2,1,4,5,0,7
9727,58,0,1,0,0,23539,81,121,13,4,24,11,16,1,25,2,0,4,1,0,8
5136,42,0,0,1,1,65333,798,163,58,654,7,92,0,15,30,9,4,8,7,2,15
9790,58,0,0,0,0,78499,1334,218,12,912,72,170,47,36,97,11,3,4,1,1,15
1818,44,1,1,1,1,29732,38,96,23,25,0,8,0,1,4,2,0,2,1,0,11
1100,55,1,1,1,3,41275,61,97,33,24,4,22,0,2,9,3,1,3,4,0,8
7873,42,1,1,1,2,63516,300,358,30,141,11,114,15,14,5,4,1,7,4,0,9
10609,53,1,1,1,1,42769,88,260,15,71,0,13,3,1,0,1,1,4,2,0,5
6950,57,1,1,1,2,49572,54,196,25,35,1,16,0,1,1,2,0,3,2,0,9
7233,43,0,1,0,0,69209,1782,650,4,496,32,849,229,48,128,5,3,6,2,1,9
9481,39,0,1,1,1,17148,68,152,80,9,9,11,13,10,16,3,1,3,4,0,11
7699,46,0,0,1,2,40590,258,270,30,154,0,50,6,11,37,3,4,3,5,1,9
2711,39,1,1,1,1,30560,31,367,6,9,1,5,4,5,7,1,0,3,1,0,8
8933,32,2,1,1,1,32146,66,48,16,26,3,23,4,7,3,2,0,4,2,0,8
8726,51,2,0,1,2,41713,174,61,57,77,8,44,10,10,25,3,1,4,5,0,9
1515,40,1,1,1,1,34176,28,158,9,11,2,7,4,2,2,1,0,3,1,0,4
5186,60,1,1,1,1,58482,731,109,59,576,7,115,19,7,7,7,4,9,2,1,13
10157,50,0,0,1,1,59686,274,155,78,89,15,89,34,42,5,4,1,6,1,0,8
5667,51,1,1,1,1,60896,1701,626,90,1013,30,399,60,46,153,9,10,4,3,0,15
902,35,0,1,1,1,62994,312,117,74,224,12,48,4,12,12,6,2,4,1,0,12
977,58,0,1,1,1,47320,414,332,10,200,19,111,50,15,19,5,1,8,6,0,11
7313,66,2,0,0,0,74859,1565,391,63,570,73,614,133,102,73,6,5,11,1,1,9
7600,23,2,0,1,1,15253,29,244,13,1,3,3,8,1,13,1,0,3,2,0,8
9706,41,1,0,1,1,31560,94,370,98,62,1,20,4,0,7,2,1,3,2,0,10
2429,61,0,0,1,1,72071,1338,500,4,531,69,300,150,138,150,5,4,8,3,0,7
3520,25,1,0,0,0,91172,1092,459,94,162,28,818,0,28,56,4,3,7,0,4,7
10394,31,0,1,0,0,90000,1479,188,91,675,144,133,94,192,241,4,8,5,1,3,5
4548,34,0,0,1,2,41967,54,218,66,23,4,10,0,2,15,1,0,3,1,0,5
9362,50,0,0,1,1,69263,568,116,14,492,5,32,13,5,21,9,1,7,1,1,15
3968,45,2,0,0,0,65706,1199,366,77,918,10,129,13,0,129,11,3,12,1,3,18
4084,40,0,1,1,1,60934,873,163,41,224,155,155,192,93,54,6,4,11,2,0,10
6721,64,0,1,1,1,71965,1213,335,21,572,19,286,50,38,248,6,3,5,3,0,9
2829,60,0,1,1,1,65210,731,111,25,626,0,70,0,7,28,9,3,8,2,2,15
1772,40,1,1,0,0,79174,2043,534,2,1074,37,518,193,92,129,5,6,7,1,2,7
1544,48,1,0,0,0,81380,1893,554,51,741,68,689,224,68,103,4,2,10,1,0,6
492,42,1,0,1,1,48432,424,619,3,322,3,50,4,3,42,7,1,6,5,0,15
4377,44,0,1,1,1,52914,575,538,32,254,10,44,30,10,227,7,3,3,2,1,14
4541,60,0,1,1,1,38946,257,248,84,116,6,82,6,6,41,3,1,6,2,0,8
1321,41,0,1,1,1,26067,56,237,49,22,2,18,0,2,12,3,0,3,3,0,11
8858,43,1,1,1,1,44325,542,479,69,516,0,21,0,0,5,8,2,7,4,1,16
3266,51,0,1,0,0,42523,125,67,96,14,36,11,3,26,35,1,1,4,1,0,3
11187,37,2,0,1,1,26487,69,405,23,2,8,10,12,14,23,2,1,3,3,0,7
8207,58,2,1,1,1,53233,40,103,18,28,0,9,3,0,0,1,0,3,1,0,5
9723,55,0,1,1,1,67716,1016,535,8,530,142,217,62,9,56,7,4,13,4,1,12
2666,43,1,1,1,1,76234,907,143,21,519,50,167,130,0,41,8,3,11,1,1,11
5721,59,1,1,0,0,84117,1566,49,60,611,76,749,59,45,26,7,10,6,1,1,9
10652,58,1,1,0,0,65487,1169,170,48,240,67,500,199,0,163,3,5,6,3,0,5
1646,43,2,1,1,1,25224,46,105,36,4,9,12,11,2,8,1,1,3,2,0,4
4418,32,1,0,0,0,89616,1644,489,36,671,47,655,145,111,15,7,5,12,1,0,9
2656,44,0,0,1,2,40851,59,493,63,23,1,7,0,4,24,1,1,2,1,0,8
7990,68,0,1,0,0,27469,17,696,2,9,1,2,3,2,0,0,0,3,1,0,6
8722,58,2,1,0,0,82347,1853,600,38,556,54,845,202,133,63,7,7,10,1,2,10
7118,58,0,1,1,1,73803,1528,697,61,833,80,363,52,26,174,9,5,6,2,1,15
2980,63,1,0,1,2,8820,35,464,52,12,0,13,4,2,4,3,0,3,4,0,11
1839,41,0,0,0,0,43322,141,69,25,56,7,48,10,2,18,3,0,4,1,0,10
10722,42,0,1,1,1,55593,546,312,63,293,8,124,11,4,106,6,6,3,2,1,12
2632,61,0,1,1,2,50501,500,376,10,297,0,38,13,0,152,5,4,4,7,1,11
9014,40,0,1,1,2,37085,61,3,65,39,1,16,2,0,3,3,0,3,4,0,11
7620,25,2,0,1,1,16185,106,328,71,5,11,16,21,8,45,2,2,2,2,0,10
10968,46,0,0,1,1,57731,704,583,0,266,21,300,65,8,44,8,8,6,4,0,14
11133,42,1,0,1,1,48432,424,619,3,322,3,50,4,3,42,7,1,6,5,0,15
2736,37,0,1,1,1,73807,849,543,88,366,124,156,71,78,54,5,5,11,2,0,7
1876,25,0,1,0,0,18929,85,498,15,32,0,8,23,4,18,1,0,4,1,0,7
5959,47,0,0,1,2,35893,199,622,80,158,0,23,0,0,18,3,1,5,6,0,11
1092,35,0,1,1,1,61014,1147,687,17,269,129,495,182,43,29,9,3,4,4,0,16
4333,61,0,1,1,2,32144,54,98,76,41,0,10,0,0,3,2,1,3,4,1,9
3850,52,2,1,1,1,14918,43,569,52,3,3,3,15,4,15,1,0,3,1,0,7
6168,52,0,0,1,2,45146,53,349,28,33,0,5,0,0,15,1,1,2,2,0,5
607,60,2,0,1,1,41769,521,501,31,302,29,131,32,0,27,8,1,7,6,0,16
10469,34,0,1,0,0,88325,1623,144,42,519,71,860,93,27,53,6,2,9,1,0,8
6983,65,1,0,1,2,38054,45,59,24,23,2,17,2,1,0,2,0,3,2,0,9
3661,20,2,0,0,0,80617,1435,625,42,594,51,631,72,55,32,4,6,8,1,0,6
9303,39,0,1,1,1,5305,32,334,12,12,4,7,1,3,5,1,0,0,0,0,14
692,61,0,1,1,2,36807,16,556,88,4,2,5,0,0,5,1,0,2,1,0,7
736,32,0,1,1,1,28427,52,465,67,18,3,19,3,3,6,2,0,3,2,0,10
9589,67,1,0,0,0,82032,1234,85,54,332,194,377,149,125,57,4,6,7,0,0,5
4838,37,0,1,1,1,22775,15,375,40,5,1,8,0,0,1,1,0,2,1,0,9
9246,30,1,1,1,1,40101,415,623,73,171,3,129,26,24,62,6,1,6,4,0,13
6261,36,0,1,1,1,58025,470,215,81,270,31,88,11,48,22,3,2,10,3,0,7
7366,33,1,0,0,0,75777,1438,360,12,712,26,538,69,13,80,3,6,11,1,2,4
10659,36,2,1,1,1,7500,53,418,7,2,8,11,3,8,21,3,2,2,4,0,10
1448,52,1,1,1,3,33562,51,4,33,21,12,12,0,3,3,2,0,4,3,0,6
4286,45,1,0,1,1,57642,679,171,24,580,6,58,8,0,27,7,6,6,3,1,11
4749,47,0,1,1,2,58554,586,641,55,368,24,68,38,0,88,8,2,6,6,0,15
4478,36,0,1,1,2,63777,653,462,87,457,5,106,15,17,53,11,1,6,8,0,19
4201,53,0,0,1,1,57967,468,483,39,229,7,137,4,0,91,4,2,8,5,0,9
10084,43,0,1,1,2,24434,50,42,9,3,2,8,20,0,17,2,1,2,2,0,9
7004,31,0,0,1,1,11012,84,470,82,24,3,26,7,1,23,3,1,2,3,1,12
9817,45,1,0,0,0,44802,1049,677,71,853,10,143,13,10,20,9,4,12,2,0,17
8080,29,0,0,0,0,26816,22,681,50,5,1,6,3,4,3,0,0,3,1,0,4
8372,41,0,1,1,1,34421,30,363,81,3,3,7,6,2,9,1,0,2,1,0,8
10870,48,0,1,1,1,61223,1341,381,46,709,43,182,42,118,247,9,3,4,2,0,14
4001,69,1,1,1,3,64014,444,19,56,406,0,30,0,0,8,8,2,5,7,1,15
7270,34,0,0,0,0,56981,1241,155,91,908,48,217,32,12,24,2,3,13,1,1,8
8235,59,1,1,1,1,69245,843,156,8,428,30,214,80,30,61,6,5,10,2,0,9
9405,61,1,1,1,2,52869,172,622,40,84,3,61,2,1,21,3,1,4,3,0,10